{
  "Tue Dec 31 2024 16:00:00 GMT-0800 (Pacific Standard Time)": [
    {
      "date": "2025-01-01T00:00:00.000Z",
      "name": "Mary, the Holy Mother of God",
      "rank": 3
    }
  ],
  "Wed Jan 01 2025 16:00:00 GMT-0800 (Pacific Standard Time)": [
    {
      "date": "2025-01-02T00:00:00.000Z",
      "name": "Saints Basil the Great and Gregory Nazianzen, Bishops and Doctors of the Church",
      "rank": 10
    }
  ],
  "Thu Jan 02 2025 16:00:00 GMT-0800 (Pacific Standard Time)": [
    {
      "date": "2025-01-03T00:00:00.000Z",
      "name": "Christmas Weekday",
      "rank": 13
    },
    {
      "date": "2025-01-03T00:00:00.000Z",
      "name": "The Most Holy Name of Jesus",
      "rank": 12
    }
  ],
  "Fri Jan 03 2025 16:00:00 GMT-0800 (Pacific Standard Time)": [
    {
      "date": "2025-01-04T00:00:00.000Z",
      "name": "Saint Elizabeth Ann Seton, Religious",
      "rank": 11
    }
  ],
  "Sat Jan 04 2025 16:00:00 GMT-0800 (Pacific Standard Time)": [
    {
      "date": "2025-01-05T00:00:00.000Z",
      "name": "The Epiphany of the Lord",
      "rank": 2
    }
  ],
  "Sun Jan 05 2025 16:00:00 GMT-0800 (Pacific Standard Time)": [
    {
      "date": "2025-01-06T00:00:00.000Z",
      "name": "Monday after Epiphany Sunday",
      "rank": 13
    },
    {
      "date": "2025-01-06T00:00:00.000Z",
      "name": "Saint André Bessette, Religious",
      "rank": 12
    }
  ],
  "Mon Jan 06 2025 16:00:00 GMT-0800 (Pacific Standard Time)": [
    {
      "date": "2025-01-07T00:00:00.000Z",
      "name": "Tuesday after Epiphany Sunday",
      "rank": 13
    },
    {
      "date": "2025-01-07T00:00:00.000Z",
      "name": "Saint Raymond of Penyafort, Priest",
      "rank": 12
    }
  ],
  "Tue Jan 07 2025 16:00:00 GMT-0800 (Pacific Standard Time)": [
    {
      "date": "2025-01-08T00:00:00.000Z",
      "name": "Wednesday after Epiphany Sunday",
      "rank": 13
    }
  ],
  "Wed Jan 08 2025 16:00:00 GMT-0800 (Pacific Standard Time)": [
    {
      "date": "2025-01-09T00:00:00.000Z",
      "name": "Thursday after Epiphany Sunday",
      "rank": 13
    }
  ],
  "Thu Jan 09 2025 16:00:00 GMT-0800 (Pacific Standard Time)": [
    {
      "date": "2025-01-10T00:00:00.000Z",
      "name": "Friday after Epiphany Sunday",
      "rank": 13
    }
  ],
  "Fri Jan 10 2025 16:00:00 GMT-0800 (Pacific Standard Time)": [
    {
      "date": "2025-01-11T00:00:00.000Z",
      "name": "Saturday after Epiphany Sunday",
      "rank": 13
    }
  ],
  "Sat Jan 11 2025 16:00:00 GMT-0800 (Pacific Standard Time)": [
    {
      "date": "2025-01-12T00:00:00.000Z",
      "name": "The Baptism of the Lord",
      "rank": 5
    }
  ],
  "Sun Jan 12 2025 16:00:00 GMT-0800 (Pacific Standard Time)": [
    {
      "date": "2025-01-13T00:00:00.000Z",
      "name": "Monday of the 1st Week of Ordinary Time",
      "rank": 13
    },
    {
      "date": "2025-01-13T00:00:00.000Z",
      "name": "Saint Hilary, Bishop and Doctor of the Church",
      "rank": 12
    }
  ],
  "Mon Jan 13 2025 16:00:00 GMT-0800 (Pacific Standard Time)": [
    {
      "date": "2025-01-14T00:00:00.000Z",
      "name": "Tuesday of the 1st Week of Ordinary Time",
      "rank": 13
    }
  ],
  "Tue Jan 14 2025 16:00:00 GMT-0800 (Pacific Standard Time)": [
    {
      "date": "2025-01-15T00:00:00.000Z",
      "name": "Wednesday of the 1st Week of Ordinary Time",
      "rank": 13
    }
  ],
  "Wed Jan 15 2025 16:00:00 GMT-0800 (Pacific Standard Time)": [
    {
      "date": "2025-01-16T00:00:00.000Z",
      "name": "Thursday of the 1st Week of Ordinary Time",
      "rank": 13
    }
  ],
  "Thu Jan 16 2025 16:00:00 GMT-0800 (Pacific Standard Time)": [
    {
      "date": "2025-01-17T00:00:00.000Z",
      "name": "Saint Anthony, Abbot",
      "rank": 10
    }
  ],
  "Fri Jan 17 2025 16:00:00 GMT-0800 (Pacific Standard Time)": [
    {
      "date": "2025-01-18T00:00:00.000Z",
      "name": "Saturday of the 1st Week of Ordinary Time",
      "rank": 13
    },
    {
      "date": "2025-01-18T00:00:00.000Z",
      "name": "Saturday Memorial of the Blessed Virgin Mary",
      "rank": 12
    }
  ],
  "Sat Jan 18 2025 16:00:00 GMT-0800 (Pacific Standard Time)": [
    {
      "date": "2025-01-19T00:00:00.000Z",
      "name": "2nd Sunday of Ordinary Time",
      "rank": 6
    }
  ],
  "Sun Jan 19 2025 16:00:00 GMT-0800 (Pacific Standard Time)": [
    {
      "date": "2025-01-20T00:00:00.000Z",
      "name": "Monday of the 2nd Week of Ordinary Time",
      "rank": 13
    },
    {
      "date": "2025-01-20T00:00:00.000Z",
      "name": "Saint Fabian, Pope and Martyr",
      "rank": 12
    },
    {
      "date": "2025-01-20T00:00:00.000Z",
      "name": "Saint Sebastian, Martyr",
      "rank": 12
    }
  ],
  "Mon Jan 20 2025 16:00:00 GMT-0800 (Pacific Standard Time)": [
    {
      "date": "2025-01-21T00:00:00.000Z",
      "name": "Saint Agnes, Virgin and Martyr",
      "rank": 10
    }
  ],
  "Tue Jan 21 2025 16:00:00 GMT-0800 (Pacific Standard Time)": [
    {
      "date": "2025-01-22T00:00:00.000Z",
      "name": "Day of Prayer for the Legal Protection of Unborn Children",
      "rank": 11
    }
  ],
  "Wed Jan 22 2025 16:00:00 GMT-0800 (Pacific Standard Time)": [
    {
      "date": "2025-01-23T00:00:00.000Z",
      "name": "Thursday of the 2nd Week of Ordinary Time",
      "rank": 13
    },
    {
      "date": "2025-01-23T00:00:00.000Z",
      "name": "Saint Marianne Cope, Virgin",
      "rank": 12
    }
  ],
  "Thu Jan 23 2025 16:00:00 GMT-0800 (Pacific Standard Time)": [
    {
      "date": "2025-01-24T00:00:00.000Z",
      "name": "Saint Francis de Sales, Bishop and Doctor of the Church",
      "rank": 10
    }
  ],
  "Fri Jan 24 2025 16:00:00 GMT-0800 (Pacific Standard Time)": [
    {
      "date": "2025-01-25T00:00:00.000Z",
      "name": "The Conversion of Saint Paul the Apostle",
      "rank": 7
    }
  ],
  "Sat Jan 25 2025 16:00:00 GMT-0800 (Pacific Standard Time)": [
    {
      "date": "2025-01-26T00:00:00.000Z",
      "name": "3rd Sunday of Ordinary Time",
      "rank": 6
    }
  ],
  "Sun Jan 26 2025 16:00:00 GMT-0800 (Pacific Standard Time)": [
    {
      "date": "2025-01-27T00:00:00.000Z",
      "name": "Monday of the 3rd Week of Ordinary Time",
      "rank": 13
    },
    {
      "date": "2025-01-27T00:00:00.000Z",
      "name": "Saint Angela Merici, Virgin",
      "rank": 12
    }
  ],
  "Mon Jan 27 2025 16:00:00 GMT-0800 (Pacific Standard Time)": [
    {
      "date": "2025-01-28T00:00:00.000Z",
      "name": "Saint Thomas Aquinas, Priest and Doctor of the Church",
      "rank": 10
    }
  ],
  "Tue Jan 28 2025 16:00:00 GMT-0800 (Pacific Standard Time)": [
    {
      "date": "2025-01-29T00:00:00.000Z",
      "name": "Wednesday of the 3rd Week of Ordinary Time",
      "rank": 13
    }
  ],
  "Wed Jan 29 2025 16:00:00 GMT-0800 (Pacific Standard Time)": [
    {
      "date": "2025-01-30T00:00:00.000Z",
      "name": "Thursday of the 3rd Week of Ordinary Time",
      "rank": 13
    }
  ],
  "Thu Jan 30 2025 16:00:00 GMT-0800 (Pacific Standard Time)": [
    {
      "date": "2025-01-31T00:00:00.000Z",
      "name": "Saint John Bosco, Priest",
      "rank": 10
    }
  ],
  "Fri Jan 31 2025 16:00:00 GMT-0800 (Pacific Standard Time)": [
    {
      "date": "2025-02-01T00:00:00.000Z",
      "name": "Saturday of the 3rd Week of Ordinary Time",
      "rank": 13
    },
    {
      "date": "2025-02-01T00:00:00.000Z",
      "name": "Saturday Memorial of the Blessed Virgin Mary",
      "rank": 12
    }
  ],
  "Sat Feb 01 2025 16:00:00 GMT-0800 (Pacific Standard Time)": [
    {
      "date": "2025-02-02T00:00:00.000Z",
      "name": "The Presentation of the Lord",
      "rank": 5
    }
  ],
  "Sun Feb 02 2025 16:00:00 GMT-0800 (Pacific Standard Time)": [
    {
      "date": "2025-02-03T00:00:00.000Z",
      "name": "Monday of the 4th Week of Ordinary Time",
      "rank": 13
    },
    {
      "date": "2025-02-03T00:00:00.000Z",
      "name": "Saint Blase, Bishop and Martyr",
      "rank": 12
    },
    {
      "date": "2025-02-03T00:00:00.000Z",
      "name": "Saint Ansgar, Bishop",
      "rank": 12
    }
  ],
  "Mon Feb 03 2025 16:00:00 GMT-0800 (Pacific Standard Time)": [
    {
      "date": "2025-02-04T00:00:00.000Z",
      "name": "Tuesday of the 4th Week of Ordinary Time",
      "rank": 13
    }
  ],
  "Tue Feb 04 2025 16:00:00 GMT-0800 (Pacific Standard Time)": [
    {
      "date": "2025-02-05T00:00:00.000Z",
      "name": "Saint Agatha, Virgin and Martyr",
      "rank": 10
    }
  ],
  "Wed Feb 05 2025 16:00:00 GMT-0800 (Pacific Standard Time)": [
    {
      "date": "2025-02-06T00:00:00.000Z",
      "name": "Saint Paul Miki and Companions, Martyrs",
      "rank": 10
    }
  ],
  "Thu Feb 06 2025 16:00:00 GMT-0800 (Pacific Standard Time)": [
    {
      "date": "2025-02-07T00:00:00.000Z",
      "name": "Friday of the 4th Week of Ordinary Time",
      "rank": 13
    }
  ],
  "Fri Feb 07 2025 16:00:00 GMT-0800 (Pacific Standard Time)": [
    {
      "date": "2025-02-08T00:00:00.000Z",
      "name": "Saturday of the 4th Week of Ordinary Time",
      "rank": 13
    },
    {
      "date": "2025-02-08T00:00:00.000Z",
      "name": "Saint Jerome Emiliani, Priest",
      "rank": 12
    },
    {
      "date": "2025-02-08T00:00:00.000Z",
      "name": "Saint Josephine Bakhita, Virgin",
      "rank": 12
    },
    {
      "date": "2025-02-08T00:00:00.000Z",
      "name": "Saturday Memorial of the Blessed Virgin Mary",
      "rank": 12
    }
  ],
  "Sat Feb 08 2025 16:00:00 GMT-0800 (Pacific Standard Time)": [
    {
      "date": "2025-02-09T00:00:00.000Z",
      "name": "5th Sunday of Ordinary Time",
      "rank": 6
    }
  ],
  "Sun Feb 09 2025 16:00:00 GMT-0800 (Pacific Standard Time)": [
    {
      "date": "2025-02-10T00:00:00.000Z",
      "name": "Saint Scholastica, Virgin",
      "rank": 10
    }
  ],
  "Mon Feb 10 2025 16:00:00 GMT-0800 (Pacific Standard Time)": [
    {
      "date": "2025-02-11T00:00:00.000Z",
      "name": "Tuesday of the 5th Week of Ordinary Time",
      "rank": 13
    },
    {
      "date": "2025-02-11T00:00:00.000Z",
      "name": "Our Lady of Lourdes",
      "rank": 12
    }
  ],
  "Tue Feb 11 2025 16:00:00 GMT-0800 (Pacific Standard Time)": [
    {
      "date": "2025-02-12T00:00:00.000Z",
      "name": "Wednesday of the 5th Week of Ordinary Time",
      "rank": 13
    }
  ],
  "Wed Feb 12 2025 16:00:00 GMT-0800 (Pacific Standard Time)": [
    {
      "date": "2025-02-13T00:00:00.000Z",
      "name": "Thursday of the 5th Week of Ordinary Time",
      "rank": 13
    }
  ],
  "Thu Feb 13 2025 16:00:00 GMT-0800 (Pacific Standard Time)": [
    {
      "date": "2025-02-14T00:00:00.000Z",
      "name": "Saints Cyril, Monk, and Methodius, Bishop",
      "rank": 10
    }
  ],
  "Fri Feb 14 2025 16:00:00 GMT-0800 (Pacific Standard Time)": [
    {
      "date": "2025-02-15T00:00:00.000Z",
      "name": "Saturday of the 5th Week of Ordinary Time",
      "rank": 13
    },
    {
      "date": "2025-02-15T00:00:00.000Z",
      "name": "Saturday Memorial of the Blessed Virgin Mary",
      "rank": 12
    }
  ],
  "Sat Feb 15 2025 16:00:00 GMT-0800 (Pacific Standard Time)": [
    {
      "date": "2025-02-16T00:00:00.000Z",
      "name": "6th Sunday of Ordinary Time",
      "rank": 6
    }
  ],
  "Sun Feb 16 2025 16:00:00 GMT-0800 (Pacific Standard Time)": [
    {
      "date": "2025-02-17T00:00:00.000Z",
      "name": "Monday of the 6th Week of Ordinary Time",
      "rank": 13
    },
    {
      "date": "2025-02-17T00:00:00.000Z",
      "name": "The Seven Holy Founders of the Servite Order",
      "rank": 12
    }
  ],
  "Mon Feb 17 2025 16:00:00 GMT-0800 (Pacific Standard Time)": [
    {
      "date": "2025-02-18T00:00:00.000Z",
      "name": "Tuesday of the 6th Week of Ordinary Time",
      "rank": 13
    }
  ],
  "Tue Feb 18 2025 16:00:00 GMT-0800 (Pacific Standard Time)": [
    {
      "date": "2025-02-19T00:00:00.000Z",
      "name": "Wednesday of the 6th Week of Ordinary Time",
      "rank": 13
    }
  ],
  "Wed Feb 19 2025 16:00:00 GMT-0800 (Pacific Standard Time)": [
    {
      "date": "2025-02-20T00:00:00.000Z",
      "name": "Thursday of the 6th Week of Ordinary Time",
      "rank": 13
    }
  ],
  "Thu Feb 20 2025 16:00:00 GMT-0800 (Pacific Standard Time)": [
    {
      "date": "2025-02-21T00:00:00.000Z",
      "name": "Friday of the 6th Week of Ordinary Time",
      "rank": 13
    },
    {
      "date": "2025-02-21T00:00:00.000Z",
      "name": "Saint Peter Damian, Bishop and Doctor of the Church",
      "rank": 12
    }
  ],
  "Fri Feb 21 2025 16:00:00 GMT-0800 (Pacific Standard Time)": [
    {
      "date": "2025-02-22T00:00:00.000Z",
      "name": "The Chair of Saint Peter the Apostle",
      "rank": 7
    }
  ],
  "Sat Feb 22 2025 16:00:00 GMT-0800 (Pacific Standard Time)": [
    {
      "date": "2025-02-23T00:00:00.000Z",
      "name": "7th Sunday of Ordinary Time",
      "rank": 6
    }
  ],
  "Sun Feb 23 2025 16:00:00 GMT-0800 (Pacific Standard Time)": [
    {
      "date": "2025-02-24T00:00:00.000Z",
      "name": "Monday of the 7th Week of Ordinary Time",
      "rank": 13
    }
  ],
  "Mon Feb 24 2025 16:00:00 GMT-0800 (Pacific Standard Time)": [
    {
      "date": "2025-02-25T00:00:00.000Z",
      "name": "Tuesday of the 7th Week of Ordinary Time",
      "rank": 13
    }
  ],
  "Tue Feb 25 2025 16:00:00 GMT-0800 (Pacific Standard Time)": [
    {
      "date": "2025-02-26T00:00:00.000Z",
      "name": "Wednesday of the 7th Week of Ordinary Time",
      "rank": 13
    }
  ],
  "Wed Feb 26 2025 16:00:00 GMT-0800 (Pacific Standard Time)": [
    {
      "date": "2025-02-27T00:00:00.000Z",
      "name": "Thursday of the 7th Week of Ordinary Time",
      "rank": 13
    },
    {
      "date": "2025-02-27T00:00:00.000Z",
      "name": "Saint Gregory of Narek, Abbot and Doctor of the Church",
      "rank": 12
    }
  ],
  "Thu Feb 27 2025 16:00:00 GMT-0800 (Pacific Standard Time)": [
    {
      "date": "2025-02-28T00:00:00.000Z",
      "name": "Friday of the 7th Week of Ordinary Time",
      "rank": 13
    }
  ],
  "Fri Feb 28 2025 16:00:00 GMT-0800 (Pacific Standard Time)": [
    {
      "date": "2025-03-01T00:00:00.000Z",
      "name": "Saturday of the 7th Week of Ordinary Time",
      "rank": 13
    },
    {
      "date": "2025-03-01T00:00:00.000Z",
      "name": "Saturday Memorial of the Blessed Virgin Mary",
      "rank": 12
    }
  ],
  "Sat Mar 01 2025 16:00:00 GMT-0800 (Pacific Standard Time)": [
    {
      "date": "2025-03-02T00:00:00.000Z",
      "name": "8th Sunday of Ordinary Time",
      "rank": 6
    }
  ],
  "Sun Mar 02 2025 16:00:00 GMT-0800 (Pacific Standard Time)": [
    {
      "date": "2025-03-03T00:00:00.000Z",
      "name": "Monday of the 8th Week of Ordinary Time",
      "rank": 13
    },
    {
      "date": "2025-03-03T00:00:00.000Z",
      "name": "Saint Katharine Drexel, Virgin",
      "rank": 12
    }
  ],
  "Mon Mar 03 2025 16:00:00 GMT-0800 (Pacific Standard Time)": [
    {
      "date": "2025-03-04T00:00:00.000Z",
      "name": "Tuesday of the 8th Week of Ordinary Time",
      "rank": 13
    },
    {
      "date": "2025-03-04T00:00:00.000Z",
      "name": "Saint Casimir",
      "rank": 12
    }
  ],
  "Tue Mar 04 2025 16:00:00 GMT-0800 (Pacific Standard Time)": [
    {
      "date": "2025-03-05T00:00:00.000Z",
      "name": "Ash Wednesday",
      "rank": 2
    }
  ],
  "Wed Mar 05 2025 16:00:00 GMT-0800 (Pacific Standard Time)": [
    {
      "date": "2025-03-06T00:00:00.000Z",
      "name": "Thursday after Ash Wednesday",
      "rank": 9
    }
  ],
  "Thu Mar 06 2025 16:00:00 GMT-0800 (Pacific Standard Time)": [
    {
      "date": "2025-03-07T00:00:00.000Z",
      "name": "Friday after Ash Wednesday",
      "rank": 9
    }
  ],
  "Fri Mar 07 2025 16:00:00 GMT-0800 (Pacific Standard Time)": [
    {
      "date": "2025-03-08T00:00:00.000Z",
      "name": "Saturday after Ash Wednesday",
      "rank": 9
    }
  ],
  "Sat Mar 08 2025 16:00:00 GMT-0800 (Pacific Standard Time)": [
    {
      "date": "2025-03-09T00:00:00.000Z",
      "name": "1st Sunday of Lent",
      "rank": 2
    }
  ],
  "Sun Mar 09 2025 17:00:00 GMT-0700 (Pacific Daylight Time)": [
    {
      "date": "2025-03-10T00:00:00.000Z",
      "name": "Monday of the 1st Week of Lent",
      "rank": 9
    }
  ],
  "Mon Mar 10 2025 17:00:00 GMT-0700 (Pacific Daylight Time)": [
    {
      "date": "2025-03-11T00:00:00.000Z",
      "name": "Tuesday of the 1st Week of Lent",
      "rank": 9
    }
  ],
  "Tue Mar 11 2025 17:00:00 GMT-0700 (Pacific Daylight Time)": [
    {
      "date": "2025-03-12T00:00:00.000Z",
      "name": "Wednesday of the 1st Week of Lent",
      "rank": 9
    }
  ],
  "Wed Mar 12 2025 17:00:00 GMT-0700 (Pacific Daylight Time)": [
    {
      "date": "2025-03-13T00:00:00.000Z",
      "name": "Thursday of the 1st Week of Lent",
      "rank": 9
    }
  ],
  "Thu Mar 13 2025 17:00:00 GMT-0700 (Pacific Daylight Time)": [
    {
      "date": "2025-03-14T00:00:00.000Z",
      "name": "Friday of the 1st Week of Lent",
      "rank": 9
    }
  ],
  "Fri Mar 14 2025 17:00:00 GMT-0700 (Pacific Daylight Time)": [
    {
      "date": "2025-03-15T00:00:00.000Z",
      "name": "Saturday of the 1st Week of Lent",
      "rank": 9
    }
  ],
  "Sat Mar 15 2025 17:00:00 GMT-0700 (Pacific Daylight Time)": [
    {
      "date": "2025-03-16T00:00:00.000Z",
      "name": "2nd Sunday of Lent",
      "rank": 2
    }
  ],
  "Sun Mar 16 2025 17:00:00 GMT-0700 (Pacific Daylight Time)": [
    {
      "date": "2025-03-17T00:00:00.000Z",
      "name": "Monday of the 2nd Week of Lent",
      "rank": 9
    }
  ],
  "Mon Mar 17 2025 17:00:00 GMT-0700 (Pacific Daylight Time)": [
    {
      "date": "2025-03-18T00:00:00.000Z",
      "name": "Tuesday of the 2nd Week of Lent",
      "rank": 9
    }
  ],
  "Tue Mar 18 2025 17:00:00 GMT-0700 (Pacific Daylight Time)": [
    {
      "date": "2025-03-19T00:00:00.000Z",
      "name": "Saint Joseph, Spouse of the Blessed Virgin Mary",
      "rank": 3
    }
  ],
  "Wed Mar 19 2025 17:00:00 GMT-0700 (Pacific Daylight Time)": [
    {
      "date": "2025-03-20T00:00:00.000Z",
      "name": "Thursday of the 2nd Week of Lent",
      "rank": 9
    }
  ],
  "Thu Mar 20 2025 17:00:00 GMT-0700 (Pacific Daylight Time)": [
    {
      "date": "2025-03-21T00:00:00.000Z",
      "name": "Friday of the 2nd Week of Lent",
      "rank": 9
    }
  ],
  "Fri Mar 21 2025 17:00:00 GMT-0700 (Pacific Daylight Time)": [
    {
      "date": "2025-03-22T00:00:00.000Z",
      "name": "Saturday of the 2nd Week of Lent",
      "rank": 9
    }
  ],
  "Sat Mar 22 2025 17:00:00 GMT-0700 (Pacific Daylight Time)": [
    {
      "date": "2025-03-23T00:00:00.000Z",
      "name": "3rd Sunday of Lent",
      "rank": 2
    }
  ],
  "Sun Mar 23 2025 17:00:00 GMT-0700 (Pacific Daylight Time)": [
    {
      "date": "2025-03-24T00:00:00.000Z",
      "name": "Monday of the 3rd Week of Lent",
      "rank": 9
    }
  ],
  "Mon Mar 24 2025 17:00:00 GMT-0700 (Pacific Daylight Time)": [
    {
      "date": "2025-03-25T00:00:00.000Z",
      "name": "The Annunciation of the Lord",
      "rank": 3
    }
  ],
  "Tue Mar 25 2025 17:00:00 GMT-0700 (Pacific Daylight Time)": [
    {
      "date": "2025-03-26T00:00:00.000Z",
      "name": "Wednesday of the 3rd Week of Lent",
      "rank": 9
    }
  ],
  "Wed Mar 26 2025 17:00:00 GMT-0700 (Pacific Daylight Time)": [
    {
      "date": "2025-03-27T00:00:00.000Z",
      "name": "Thursday of the 3rd Week of Lent",
      "rank": 9
    }
  ],
  "Thu Mar 27 2025 17:00:00 GMT-0700 (Pacific Daylight Time)": [
    {
      "date": "2025-03-28T00:00:00.000Z",
      "name": "Friday of the 3rd Week of Lent",
      "rank": 9
    }
  ],
  "Fri Mar 28 2025 17:00:00 GMT-0700 (Pacific Daylight Time)": [
    {
      "date": "2025-03-29T00:00:00.000Z",
      "name": "Saturday of the 3rd Week of Lent",
      "rank": 9
    }
  ],
  "Sat Mar 29 2025 17:00:00 GMT-0700 (Pacific Daylight Time)": [
    {
      "date": "2025-03-30T00:00:00.000Z",
      "name": "4th Sunday of Lent",
      "rank": 2
    }
  ],
  "Sun Mar 30 2025 17:00:00 GMT-0700 (Pacific Daylight Time)": [
    {
      "date": "2025-03-31T00:00:00.000Z",
      "name": "Monday of the 4th Week of Lent",
      "rank": 9
    }
  ],
  "Mon Mar 31 2025 17:00:00 GMT-0700 (Pacific Daylight Time)": [
    {
      "date": "2025-04-01T00:00:00.000Z",
      "name": "Tuesday of the 4th Week of Lent",
      "rank": 9
    }
  ],
  "Tue Apr 01 2025 17:00:00 GMT-0700 (Pacific Daylight Time)": [
    {
      "date": "2025-04-02T00:00:00.000Z",
      "name": "Wednesday of the 4th Week of Lent",
      "rank": 9
    }
  ],
  "Wed Apr 02 2025 17:00:00 GMT-0700 (Pacific Daylight Time)": [
    {
      "date": "2025-04-03T00:00:00.000Z",
      "name": "Thursday of the 4th Week of Lent",
      "rank": 9
    }
  ],
  "Thu Apr 03 2025 17:00:00 GMT-0700 (Pacific Daylight Time)": [
    {
      "date": "2025-04-04T00:00:00.000Z",
      "name": "Friday of the 4th Week of Lent",
      "rank": 9
    }
  ],
  "Fri Apr 04 2025 17:00:00 GMT-0700 (Pacific Daylight Time)": [
    {
      "date": "2025-04-05T00:00:00.000Z",
      "name": "Saturday of the 4th Week of Lent",
      "rank": 9
    }
  ],
  "Sat Apr 05 2025 17:00:00 GMT-0700 (Pacific Daylight Time)": [
    {
      "date": "2025-04-06T00:00:00.000Z",
      "name": "5th Sunday of Lent",
      "rank": 2
    }
  ],
  "Sun Apr 06 2025 17:00:00 GMT-0700 (Pacific Daylight Time)": [
    {
      "date": "2025-04-07T00:00:00.000Z",
      "name": "Monday of the 5th Week of Lent",
      "rank": 9
    }
  ],
  "Mon Apr 07 2025 17:00:00 GMT-0700 (Pacific Daylight Time)": [
    {
      "date": "2025-04-08T00:00:00.000Z",
      "name": "Tuesday of the 5th Week of Lent",
      "rank": 9
    }
  ],
  "Tue Apr 08 2025 17:00:00 GMT-0700 (Pacific Daylight Time)": [
    {
      "date": "2025-04-09T00:00:00.000Z",
      "name": "Wednesday of the 5th Week of Lent",
      "rank": 9
    }
  ],
  "Wed Apr 09 2025 17:00:00 GMT-0700 (Pacific Daylight Time)": [
    {
      "date": "2025-04-10T00:00:00.000Z",
      "name": "Thursday of the 5th Week of Lent",
      "rank": 9
    }
  ],
  "Thu Apr 10 2025 17:00:00 GMT-0700 (Pacific Daylight Time)": [
    {
      "date": "2025-04-11T00:00:00.000Z",
      "name": "Friday of the 5th Week of Lent",
      "rank": 9
    }
  ],
  "Fri Apr 11 2025 17:00:00 GMT-0700 (Pacific Daylight Time)": [
    {
      "date": "2025-04-12T00:00:00.000Z",
      "name": "Saturday of the 5th Week of Lent",
      "rank": 9
    }
  ],
  "Sat Apr 12 2025 17:00:00 GMT-0700 (Pacific Daylight Time)": [
    {
      "date": "2025-04-13T00:00:00.000Z",
      "name": "Palm Sunday of the Lord's Passion",
      "rank": 2
    }
  ],
  "Sun Apr 13 2025 17:00:00 GMT-0700 (Pacific Daylight Time)": [
    {
      "date": "2025-04-14T00:00:00.000Z",
      "name": "Monday of Holy Week",
      "rank": 2
    }
  ],
  "Mon Apr 14 2025 17:00:00 GMT-0700 (Pacific Daylight Time)": [
    {
      "date": "2025-04-15T00:00:00.000Z",
      "name": "Tuesday of Holy Week",
      "rank": 2
    }
  ],
  "Tue Apr 15 2025 17:00:00 GMT-0700 (Pacific Daylight Time)": [
    {
      "date": "2025-04-16T00:00:00.000Z",
      "name": "Wednesday of Holy Week",
      "rank": 2
    }
  ],
  "Wed Apr 16 2025 17:00:00 GMT-0700 (Pacific Daylight Time)": [
    {
      "date": "2025-04-17T00:00:00.000Z",
      "name": "Holy Thursday",
      "rank": 2
    }
  ],
  "Thu Apr 17 2025 17:00:00 GMT-0700 (Pacific Daylight Time)": [
    {
      "date": "2025-04-18T00:00:00.000Z",
      "name": "Friday of the Lord's Passion",
      "rank": 1
    }
  ],
  "Fri Apr 18 2025 17:00:00 GMT-0700 (Pacific Daylight Time)": [
    {
      "date": "2025-04-19T00:00:00.000Z",
      "name": "The Easter Vigil in the Holy Night",
      "rank": 1
    }
  ],
  "Sat Apr 19 2025 17:00:00 GMT-0700 (Pacific Daylight Time)": [
    {
      "date": "2025-04-20T00:00:00.000Z",
      "name": "Easter Sunday",
      "rank": 1
    }
  ],
  "Sun Apr 20 2025 17:00:00 GMT-0700 (Pacific Daylight Time)": [
    {
      "date": "2025-04-21T00:00:00.000Z",
      "name": "Monday of the Octave of Easter",
      "rank": 2
    }
  ],
  "Mon Apr 21 2025 17:00:00 GMT-0700 (Pacific Daylight Time)": [
    {
      "date": "2025-04-22T00:00:00.000Z",
      "name": "Tuesday of the Octave of Easter",
      "rank": 2
    }
  ],
  "Tue Apr 22 2025 17:00:00 GMT-0700 (Pacific Daylight Time)": [
    {
      "date": "2025-04-23T00:00:00.000Z",
      "name": "Wednesday of the Octave of Easter",
      "rank": 2
    }
  ],
  "Wed Apr 23 2025 17:00:00 GMT-0700 (Pacific Daylight Time)": [
    {
      "date": "2025-04-24T00:00:00.000Z",
      "name": "Thursday of the Octave of Easter",
      "rank": 2
    }
  ],
  "Thu Apr 24 2025 17:00:00 GMT-0700 (Pacific Daylight Time)": [
    {
      "date": "2025-04-25T00:00:00.000Z",
      "name": "Friday of the Octave of Easter",
      "rank": 2
    }
  ],
  "Fri Apr 25 2025 17:00:00 GMT-0700 (Pacific Daylight Time)": [
    {
      "date": "2025-04-26T00:00:00.000Z",
      "name": "Saturday of the Octave of Easter",
      "rank": 2
    }
  ],
  "Sat Apr 26 2025 17:00:00 GMT-0700 (Pacific Daylight Time)": [
    {
      "date": "2025-04-27T00:00:00.000Z",
      "name": "2nd Sunday of Easter",
      "rank": 2
    }
  ],
  "Sun Apr 27 2025 17:00:00 GMT-0700 (Pacific Daylight Time)": [
    {
      "date": "2025-04-28T00:00:00.000Z",
      "name": "Monday of the 2nd Week of Easter",
      "rank": 13
    },
    {
      "date": "2025-04-28T00:00:00.000Z",
      "name": "Saint Peter Chanel, Priest and Martyr",
      "rank": 12
    },
    {
      "date": "2025-04-28T00:00:00.000Z",
      "name": "Saint Louis Grignion de Montfort, Priest",
      "rank": 12
    }
  ],
  "Mon Apr 28 2025 17:00:00 GMT-0700 (Pacific Daylight Time)": [
    {
      "date": "2025-04-29T00:00:00.000Z",
      "name": "Saint Catherine of Siena, Virgin and Doctor of the Church",
      "rank": 10
    }
  ],
  "Tue Apr 29 2025 17:00:00 GMT-0700 (Pacific Daylight Time)": [
    {
      "date": "2025-04-30T00:00:00.000Z",
      "name": "Wednesday of the 2nd Week of Easter",
      "rank": 13
    },
    {
      "date": "2025-04-30T00:00:00.000Z",
      "name": "Saint Pius V, Pope",
      "rank": 12
    }
  ],
  "Wed Apr 30 2025 17:00:00 GMT-0700 (Pacific Daylight Time)": [
    {
      "date": "2025-05-01T00:00:00.000Z",
      "name": "Thursday of the 2nd Week of Easter",
      "rank": 13
    },
    {
      "date": "2025-05-01T00:00:00.000Z",
      "name": "Saint Joseph the Worker",
      "rank": 12
    }
  ],
  "Thu May 01 2025 17:00:00 GMT-0700 (Pacific Daylight Time)": [
    {
      "date": "2025-05-02T00:00:00.000Z",
      "name": "Saint Athanasius, Bishop and Doctor of the Church",
      "rank": 10
    }
  ],
  "Fri May 02 2025 17:00:00 GMT-0700 (Pacific Daylight Time)": [
    {
      "date": "2025-05-03T00:00:00.000Z",
      "name": "Saints Philip and James, Apostles",
      "rank": 7
    }
  ],
  "Sat May 03 2025 17:00:00 GMT-0700 (Pacific Daylight Time)": [
    {
      "date": "2025-05-04T00:00:00.000Z",
      "name": "3rd Sunday of Easter",
      "rank": 2
    }
  ],
  "Sun May 04 2025 17:00:00 GMT-0700 (Pacific Daylight Time)": [
    {
      "date": "2025-05-05T00:00:00.000Z",
      "name": "Monday of the 3rd Week of Easter",
      "rank": 13
    }
  ],
  "Mon May 05 2025 17:00:00 GMT-0700 (Pacific Daylight Time)": [
    {
      "date": "2025-05-06T00:00:00.000Z",
      "name": "Tuesday of the 3rd Week of Easter",
      "rank": 13
    }
  ],
  "Tue May 06 2025 17:00:00 GMT-0700 (Pacific Daylight Time)": [
    {
      "date": "2025-05-07T00:00:00.000Z",
      "name": "Wednesday of the 3rd Week of Easter",
      "rank": 13
    }
  ],
  "Wed May 07 2025 17:00:00 GMT-0700 (Pacific Daylight Time)": [
    {
      "date": "2025-05-08T00:00:00.000Z",
      "name": "Thursday of the 3rd Week of Easter",
      "rank": 13
    }
  ],
  "Thu May 08 2025 17:00:00 GMT-0700 (Pacific Daylight Time)": [
    {
      "date": "2025-05-09T00:00:00.000Z",
      "name": "Friday of the 3rd Week of Easter",
      "rank": 13
    }
  ],
  "Fri May 09 2025 17:00:00 GMT-0700 (Pacific Daylight Time)": [
    {
      "date": "2025-05-10T00:00:00.000Z",
      "name": "Saturday of the 3rd Week of Easter",
      "rank": 13
    },
    {
      "date": "2025-05-10T00:00:00.000Z",
      "name": "Saint John of Avila, Priest and Doctor of the Church",
      "rank": 12
    },
    {
      "date": "2025-05-10T00:00:00.000Z",
      "name": "Saint Damien de Veuster, Priest",
      "rank": 12
    }
  ],
  "Sat May 10 2025 17:00:00 GMT-0700 (Pacific Daylight Time)": [
    {
      "date": "2025-05-11T00:00:00.000Z",
      "name": "4th Sunday of Easter",
      "rank": 2
    }
  ],
  "Sun May 11 2025 17:00:00 GMT-0700 (Pacific Daylight Time)": [
    {
      "date": "2025-05-12T00:00:00.000Z",
      "name": "Monday of the 4th Week of Easter",
      "rank": 13
    },
    {
      "date": "2025-05-12T00:00:00.000Z",
      "name": "Saints Nereus and Achilleus, Martyrs",
      "rank": 12
    },
    {
      "date": "2025-05-12T00:00:00.000Z",
      "name": "Saint Pancras, Martyr",
      "rank": 12
    }
  ],
  "Mon May 12 2025 17:00:00 GMT-0700 (Pacific Daylight Time)": [
    {
      "date": "2025-05-13T00:00:00.000Z",
      "name": "Tuesday of the 4th Week of Easter",
      "rank": 13
    },
    {
      "date": "2025-05-13T00:00:00.000Z",
      "name": "Our Lady of Fatima",
      "rank": 12
    }
  ],
  "Tue May 13 2025 17:00:00 GMT-0700 (Pacific Daylight Time)": [
    {
      "date": "2025-05-14T00:00:00.000Z",
      "name": "Saint Matthias, Apostle",
      "rank": 7
    }
  ],
  "Wed May 14 2025 17:00:00 GMT-0700 (Pacific Daylight Time)": [
    {
      "date": "2025-05-15T00:00:00.000Z",
      "name": "Thursday of the 4th Week of Easter",
      "rank": 13
    },
    {
      "date": "2025-05-15T00:00:00.000Z",
      "name": "Saint Isidore",
      "rank": 12
    }
  ],
  "Thu May 15 2025 17:00:00 GMT-0700 (Pacific Daylight Time)": [
    {
      "date": "2025-05-16T00:00:00.000Z",
      "name": "Friday of the 4th Week of Easter",
      "rank": 13
    }
  ],
  "Fri May 16 2025 17:00:00 GMT-0700 (Pacific Daylight Time)": [
    {
      "date": "2025-05-17T00:00:00.000Z",
      "name": "Saturday of the 4th Week of Easter",
      "rank": 13
    }
  ],
  "Sat May 17 2025 17:00:00 GMT-0700 (Pacific Daylight Time)": [
    {
      "date": "2025-05-18T00:00:00.000Z",
      "name": "5th Sunday of Easter",
      "rank": 2
    }
  ],
  "Sun May 18 2025 17:00:00 GMT-0700 (Pacific Daylight Time)": [
    {
      "date": "2025-05-19T00:00:00.000Z",
      "name": "Monday of the 5th Week of Easter",
      "rank": 13
    }
  ],
  "Mon May 19 2025 17:00:00 GMT-0700 (Pacific Daylight Time)": [
    {
      "date": "2025-05-20T00:00:00.000Z",
      "name": "Tuesday of the 5th Week of Easter",
      "rank": 13
    },
    {
      "date": "2025-05-20T00:00:00.000Z",
      "name": "Saint Bernardine of Siena, Priest",
      "rank": 12
    }
  ],
  "Tue May 20 2025 17:00:00 GMT-0700 (Pacific Daylight Time)": [
    {
      "date": "2025-05-21T00:00:00.000Z",
      "name": "Wednesday of the 5th Week of Easter",
      "rank": 13
    },
    {
      "date": "2025-05-21T00:00:00.000Z",
      "name": "Saint Christopher Magallanes, Priest, and Companions, Martyrs",
      "rank": 12
    }
  ],
  "Wed May 21 2025 17:00:00 GMT-0700 (Pacific Daylight Time)": [
    {
      "date": "2025-05-22T00:00:00.000Z",
      "name": "Thursday of the 5th Week of Easter",
      "rank": 13
    },
    {
      "date": "2025-05-22T00:00:00.000Z",
      "name": "Saint Rita of Cascia, Religious",
      "rank": 12
    }
  ],
  "Thu May 22 2025 17:00:00 GMT-0700 (Pacific Daylight Time)": [
    {
      "date": "2025-05-23T00:00:00.000Z",
      "name": "Friday of the 5th Week of Easter",
      "rank": 13
    }
  ],
  "Fri May 23 2025 17:00:00 GMT-0700 (Pacific Daylight Time)": [
    {
      "date": "2025-05-24T00:00:00.000Z",
      "name": "Saturday of the 5th Week of Easter",
      "rank": 13
    }
  ],
  "Sat May 24 2025 17:00:00 GMT-0700 (Pacific Daylight Time)": [
    {
      "date": "2025-05-25T00:00:00.000Z",
      "name": "6th Sunday of Easter",
      "rank": 2
    }
  ],
  "Sun May 25 2025 17:00:00 GMT-0700 (Pacific Daylight Time)": [
    {
      "date": "2025-05-26T00:00:00.000Z",
      "name": "Saint Philip Neri, Priest",
      "rank": 10
    }
  ],
  "Mon May 26 2025 17:00:00 GMT-0700 (Pacific Daylight Time)": [
    {
      "date": "2025-05-27T00:00:00.000Z",
      "name": "Tuesday of the 6th Week of Easter",
      "rank": 13
    },
    {
      "date": "2025-05-27T00:00:00.000Z",
      "name": "Saint Augustine of Canterbury, Bishop",
      "rank": 12
    }
  ],
  "Tue May 27 2025 17:00:00 GMT-0700 (Pacific Daylight Time)": [
    {
      "date": "2025-05-28T00:00:00.000Z",
      "name": "Wednesday of the 6th Week of Easter",
      "rank": 13
    }
  ],
  "Wed May 28 2025 17:00:00 GMT-0700 (Pacific Daylight Time)": [
    {
      "date": "2025-05-29T00:00:00.000Z",
      "name": "Thursday of the 6th Week of Easter",
      "rank": 13
    },
    {
      "date": "2025-05-29T00:00:00.000Z",
      "name": "Saint Paul VI, Pope",
      "rank": 12
    }
  ],
  "Thu May 29 2025 17:00:00 GMT-0700 (Pacific Daylight Time)": [
    {
      "date": "2025-05-30T00:00:00.000Z",
      "name": "Friday of the 6th Week of Easter",
      "rank": 13
    }
  ],
  "Fri May 30 2025 17:00:00 GMT-0700 (Pacific Daylight Time)": [
    {
      "date": "2025-05-31T00:00:00.000Z",
      "name": "The Visitation of the Blessed Virgin Mary",
      "rank": 7
    }
  ],
  "Sat May 31 2025 17:00:00 GMT-0700 (Pacific Daylight Time)": [
    {
      "date": "2025-06-01T00:00:00.000Z",
      "name": "The Ascension of the Lord",
      "rank": 2
    }
  ],
  "Sun Jun 01 2025 17:00:00 GMT-0700 (Pacific Daylight Time)": [
    {
      "date": "2025-06-02T00:00:00.000Z",
      "name": "Monday of the 7th Week of Easter",
      "rank": 13
    },
    {
      "date": "2025-06-02T00:00:00.000Z",
      "name": "Saints Marcellinus and Peter, Martyrs",
      "rank": 12
    }
  ],
  "Mon Jun 02 2025 17:00:00 GMT-0700 (Pacific Daylight Time)": [
    {
      "date": "2025-06-03T00:00:00.000Z",
      "name": "Saint Charles Lwanga and Companions, Martyrs",
      "rank": 10
    }
  ],
  "Tue Jun 03 2025 17:00:00 GMT-0700 (Pacific Daylight Time)": [
    {
      "date": "2025-06-04T00:00:00.000Z",
      "name": "Wednesday of the 7th Week of Easter",
      "rank": 13
    }
  ],
  "Wed Jun 04 2025 17:00:00 GMT-0700 (Pacific Daylight Time)": [
    {
      "date": "2025-06-05T00:00:00.000Z",
      "name": "Saint Boniface, Bishop and Martyr",
      "rank": 10
    }
  ],
  "Thu Jun 05 2025 17:00:00 GMT-0700 (Pacific Daylight Time)": [
    {
      "date": "2025-06-06T00:00:00.000Z",
      "name": "Friday of the 7th Week of Easter",
      "rank": 13
    },
    {
      "date": "2025-06-06T00:00:00.000Z",
      "name": "Saint Norbert, Bishop",
      "rank": 12
    }
  ],
  "Fri Jun 06 2025 17:00:00 GMT-0700 (Pacific Daylight Time)": [
    {
      "date": "2025-06-07T00:00:00.000Z",
      "name": "Saturday of the 7th Week of Easter",
      "rank": 13
    }
  ],
  "Sat Jun 07 2025 17:00:00 GMT-0700 (Pacific Daylight Time)": [
    {
      "date": "2025-06-08T00:00:00.000Z",
      "name": "Pentecost Sunday",
      "rank": 2
    }
  ],
  "Sun Jun 08 2025 17:00:00 GMT-0700 (Pacific Daylight Time)": [
    {
      "date": "2025-06-09T00:00:00.000Z",
      "name": "The Blessed Virgin Mary, Mother of the Church",
      "rank": 10
    }
  ],
  "Mon Jun 09 2025 17:00:00 GMT-0700 (Pacific Daylight Time)": [
    {
      "date": "2025-06-10T00:00:00.000Z",
      "name": "Tuesday of the 10th Week of Ordinary Time",
      "rank": 13
    }
  ],
  "Tue Jun 10 2025 17:00:00 GMT-0700 (Pacific Daylight Time)": [
    {
      "date": "2025-06-11T00:00:00.000Z",
      "name": "Saint Barnabas, Apostle",
      "rank": 10
    }
  ],
  "Wed Jun 11 2025 17:00:00 GMT-0700 (Pacific Daylight Time)": [
    {
      "date": "2025-06-12T00:00:00.000Z",
      "name": "Thursday of the 10th Week of Ordinary Time",
      "rank": 13
    }
  ],
  "Thu Jun 12 2025 17:00:00 GMT-0700 (Pacific Daylight Time)": [
    {
      "date": "2025-06-13T00:00:00.000Z",
      "name": "Saint Anthony of Padua, Priest and Doctor of the Church",
      "rank": 10
    }
  ],
  "Fri Jun 13 2025 17:00:00 GMT-0700 (Pacific Daylight Time)": [
    {
      "date": "2025-06-14T00:00:00.000Z",
      "name": "Saturday of the 10th Week of Ordinary Time",
      "rank": 13
    },
    {
      "date": "2025-06-14T00:00:00.000Z",
      "name": "Saturday Memorial of the Blessed Virgin Mary",
      "rank": 12
    }
  ],
  "Sat Jun 14 2025 17:00:00 GMT-0700 (Pacific Daylight Time)": [
    {
      "date": "2025-06-15T00:00:00.000Z",
      "name": "The Most Holy Trinity",
      "rank": 3
    }
  ],
  "Sun Jun 15 2025 17:00:00 GMT-0700 (Pacific Daylight Time)": [
    {
      "date": "2025-06-16T00:00:00.000Z",
      "name": "Monday of the 11th Week of Ordinary Time",
      "rank": 13
    }
  ],
  "Mon Jun 16 2025 17:00:00 GMT-0700 (Pacific Daylight Time)": [
    {
      "date": "2025-06-17T00:00:00.000Z",
      "name": "Tuesday of the 11th Week of Ordinary Time",
      "rank": 13
    }
  ],
  "Tue Jun 17 2025 17:00:00 GMT-0700 (Pacific Daylight Time)": [
    {
      "date": "2025-06-18T00:00:00.000Z",
      "name": "Wednesday of the 11th Week of Ordinary Time",
      "rank": 13
    }
  ],
  "Wed Jun 18 2025 17:00:00 GMT-0700 (Pacific Daylight Time)": [
    {
      "date": "2025-06-19T00:00:00.000Z",
      "name": "Thursday of the 11th Week of Ordinary Time",
      "rank": 13
    },
    {
      "date": "2025-06-19T00:00:00.000Z",
      "name": "Saint Romuald, Abbot",
      "rank": 12
    }
  ],
  "Thu Jun 19 2025 17:00:00 GMT-0700 (Pacific Daylight Time)": [
    {
      "date": "2025-06-20T00:00:00.000Z",
      "name": "Friday of the 11th Week of Ordinary Time",
      "rank": 13
    }
  ],
  "Fri Jun 20 2025 17:00:00 GMT-0700 (Pacific Daylight Time)": [
    {
      "date": "2025-06-21T00:00:00.000Z",
      "name": "Saint Aloysius Gonzaga, Religious",
      "rank": 10
    }
  ],
  "Sat Jun 21 2025 17:00:00 GMT-0700 (Pacific Daylight Time)": [
    {
      "date": "2025-06-22T00:00:00.000Z",
      "name": "The Most Holy Body and Blood of Christ",
      "rank": 3
    }
  ],
  "Sun Jun 22 2025 17:00:00 GMT-0700 (Pacific Daylight Time)": [
    {
      "date": "2025-06-23T00:00:00.000Z",
      "name": "Monday of the 12th Week of Ordinary Time",
      "rank": 13
    }
  ],
  "Mon Jun 23 2025 17:00:00 GMT-0700 (Pacific Daylight Time)": [
    {
      "date": "2025-06-24T00:00:00.000Z",
      "name": "The Nativity of Saint John the Baptist",
      "rank": 3
    }
  ],
  "Tue Jun 24 2025 17:00:00 GMT-0700 (Pacific Daylight Time)": [
    {
      "date": "2025-06-25T00:00:00.000Z",
      "name": "Wednesday of the 12th Week of Ordinary Time",
      "rank": 13
    }
  ],
  "Wed Jun 25 2025 17:00:00 GMT-0700 (Pacific Daylight Time)": [
    {
      "date": "2025-06-26T00:00:00.000Z",
      "name": "Thursday of the 12th Week of Ordinary Time",
      "rank": 13
    }
  ],
  "Thu Jun 26 2025 17:00:00 GMT-0700 (Pacific Daylight Time)": [
    {
      "date": "2025-06-27T00:00:00.000Z",
      "name": "The Most Sacred Heart of Jesus",
      "rank": 3
    }
  ],
  "Fri Jun 27 2025 17:00:00 GMT-0700 (Pacific Daylight Time)": [
    {
      "date": "2025-06-28T00:00:00.000Z",
      "name": "The Immaculate Heart of the Blessed Virgin Mary",
      "rank": 12
    },
    {
      "date": "2025-06-28T00:00:00.000Z",
      "name": "Saint Irenaeus, Bishop and Martyr",
      "rank": 12
    }
  ],
  "Sat Jun 28 2025 17:00:00 GMT-0700 (Pacific Daylight Time)": [
    {
      "date": "2025-06-29T00:00:00.000Z",
      "name": "Saints Peter and Paul, Apostles",
      "rank": 3
    }
  ],
  "Sun Jun 29 2025 17:00:00 GMT-0700 (Pacific Daylight Time)": [
    {
      "date": "2025-06-30T00:00:00.000Z",
      "name": "Monday of the 13th Week of Ordinary Time",
      "rank": 13
    },
    {
      "date": "2025-06-30T00:00:00.000Z",
      "name": "The 1st Martyrs of the Holy Roman Church",
      "rank": 12
    }
  ],
  "Mon Jun 30 2025 17:00:00 GMT-0700 (Pacific Daylight Time)": [
    {
      "date": "2025-07-01T00:00:00.000Z",
      "name": "Tuesday of the 13th Week of Ordinary Time",
      "rank": 13
    },
    {
      "date": "2025-07-01T00:00:00.000Z",
      "name": "Saint Junípero Serra, Priest",
      "rank": 12
    }
  ],
  "Tue Jul 01 2025 17:00:00 GMT-0700 (Pacific Daylight Time)": [
    {
      "date": "2025-07-02T00:00:00.000Z",
      "name": "Wednesday of the 13th Week of Ordinary Time",
      "rank": 13
    }
  ],
  "Wed Jul 02 2025 17:00:00 GMT-0700 (Pacific Daylight Time)": [
    {
      "date": "2025-07-03T00:00:00.000Z",
      "name": "Saint Thomas, Apostle",
      "rank": 7
    }
  ],
  "Thu Jul 03 2025 17:00:00 GMT-0700 (Pacific Daylight Time)": [
    {
      "date": "2025-07-04T00:00:00.000Z",
      "name": "Independence Day",
      "rank": 11
    }
  ],
  "Fri Jul 04 2025 17:00:00 GMT-0700 (Pacific Daylight Time)": [
    {
      "date": "2025-07-05T00:00:00.000Z",
      "name": "Saturday of the 13th Week of Ordinary Time",
      "rank": 13
    },
    {
      "date": "2025-07-05T00:00:00.000Z",
      "name": "Saint Anthony Zaccaria, Priest",
      "rank": 12
    },
    {
      "date": "2025-07-05T00:00:00.000Z",
      "name": "Saturday Memorial of the Blessed Virgin Mary",
      "rank": 12
    }
  ],
  "Sat Jul 05 2025 17:00:00 GMT-0700 (Pacific Daylight Time)": [
    {
      "date": "2025-07-06T00:00:00.000Z",
      "name": "14th Sunday of Ordinary Time",
      "rank": 6
    }
  ],
  "Sun Jul 06 2025 17:00:00 GMT-0700 (Pacific Daylight Time)": [
    {
      "date": "2025-07-07T00:00:00.000Z",
      "name": "Monday of the 14th Week of Ordinary Time",
      "rank": 13
    }
  ],
  "Mon Jul 07 2025 17:00:00 GMT-0700 (Pacific Daylight Time)": [
    {
      "date": "2025-07-08T00:00:00.000Z",
      "name": "Tuesday of the 14th Week of Ordinary Time",
      "rank": 13
    }
  ],
  "Tue Jul 08 2025 17:00:00 GMT-0700 (Pacific Daylight Time)": [
    {
      "date": "2025-07-09T00:00:00.000Z",
      "name": "Wednesday of the 14th Week of Ordinary Time",
      "rank": 13
    },
    {
      "date": "2025-07-09T00:00:00.000Z",
      "name": "Saint Augustine Zhao Rong, Priest, and Companions, Martyrs",
      "rank": 12
    }
  ],
  "Wed Jul 09 2025 17:00:00 GMT-0700 (Pacific Daylight Time)": [
    {
      "date": "2025-07-10T00:00:00.000Z",
      "name": "Thursday of the 14th Week of Ordinary Time",
      "rank": 13
    }
  ],
  "Thu Jul 10 2025 17:00:00 GMT-0700 (Pacific Daylight Time)": [
    {
      "date": "2025-07-11T00:00:00.000Z",
      "name": "Saint Benedict, Abbot",
      "rank": 10
    }
  ],
  "Fri Jul 11 2025 17:00:00 GMT-0700 (Pacific Daylight Time)": [
    {
      "date": "2025-07-12T00:00:00.000Z",
      "name": "Saturday of the 14th Week of Ordinary Time",
      "rank": 13
    },
    {
      "date": "2025-07-12T00:00:00.000Z",
      "name": "Saturday Memorial of the Blessed Virgin Mary",
      "rank": 12
    }
  ],
  "Sat Jul 12 2025 17:00:00 GMT-0700 (Pacific Daylight Time)": [
    {
      "date": "2025-07-13T00:00:00.000Z",
      "name": "15th Sunday of Ordinary Time",
      "rank": 6
    }
  ],
  "Sun Jul 13 2025 17:00:00 GMT-0700 (Pacific Daylight Time)": [
    {
      "date": "2025-07-14T00:00:00.000Z",
      "name": "Blessed Kateri Tekakwitha, Virgin",
      "rank": 11
    }
  ],
  "Mon Jul 14 2025 17:00:00 GMT-0700 (Pacific Daylight Time)": [
    {
      "date": "2025-07-15T00:00:00.000Z",
      "name": "Saint Bonaventure, Bishop and Doctor of the Church",
      "rank": 10
    }
  ],
  "Tue Jul 15 2025 17:00:00 GMT-0700 (Pacific Daylight Time)": [
    {
      "date": "2025-07-16T00:00:00.000Z",
      "name": "Wednesday of the 15th Week of Ordinary Time",
      "rank": 13
    },
    {
      "date": "2025-07-16T00:00:00.000Z",
      "name": "Our Lady of Mount Carmel",
      "rank": 12
    }
  ],
  "Wed Jul 16 2025 17:00:00 GMT-0700 (Pacific Daylight Time)": [
    {
      "date": "2025-07-17T00:00:00.000Z",
      "name": "Thursday of the 15th Week of Ordinary Time",
      "rank": 13
    }
  ],
  "Thu Jul 17 2025 17:00:00 GMT-0700 (Pacific Daylight Time)": [
    {
      "date": "2025-07-18T00:00:00.000Z",
      "name": "Friday of the 15th Week of Ordinary Time",
      "rank": 13
    }
  ],
  "Fri Jul 18 2025 17:00:00 GMT-0700 (Pacific Daylight Time)": [
    {
      "date": "2025-07-19T00:00:00.000Z",
      "name": "Saturday of the 15th Week of Ordinary Time",
      "rank": 13
    },
    {
      "date": "2025-07-19T00:00:00.000Z",
      "name": "Saturday Memorial of the Blessed Virgin Mary",
      "rank": 12
    }
  ],
  "Sat Jul 19 2025 17:00:00 GMT-0700 (Pacific Daylight Time)": [
    {
      "date": "2025-07-20T00:00:00.000Z",
      "name": "16th Sunday of Ordinary Time",
      "rank": 6
    }
  ],
  "Sun Jul 20 2025 17:00:00 GMT-0700 (Pacific Daylight Time)": [
    {
      "date": "2025-07-21T00:00:00.000Z",
      "name": "Monday of the 16th Week of Ordinary Time",
      "rank": 13
    },
    {
      "date": "2025-07-21T00:00:00.000Z",
      "name": "Saint Lawrence of Brindisi, Priest and Doctor of the Church",
      "rank": 12
    }
  ],
  "Mon Jul 21 2025 17:00:00 GMT-0700 (Pacific Daylight Time)": [
    {
      "date": "2025-07-22T00:00:00.000Z",
      "name": "Saint Mary Magdalene",
      "rank": 10
    }
  ],
  "Tue Jul 22 2025 17:00:00 GMT-0700 (Pacific Daylight Time)": [
    {
      "date": "2025-07-23T00:00:00.000Z",
      "name": "Wednesday of the 16th Week of Ordinary Time",
      "rank": 13
    },
    {
      "date": "2025-07-23T00:00:00.000Z",
      "name": "Saint Bridget, Religious",
      "rank": 12
    }
  ],
  "Wed Jul 23 2025 17:00:00 GMT-0700 (Pacific Daylight Time)": [
    {
      "date": "2025-07-24T00:00:00.000Z",
      "name": "Thursday of the 16th Week of Ordinary Time",
      "rank": 13
    },
    {
      "date": "2025-07-24T00:00:00.000Z",
      "name": "Saint Sharbel Makhluf, Hermit",
      "rank": 12
    }
  ],
  "Thu Jul 24 2025 17:00:00 GMT-0700 (Pacific Daylight Time)": [
    {
      "date": "2025-07-25T00:00:00.000Z",
      "name": "Saint James, Apostle",
      "rank": 7
    }
  ],
  "Fri Jul 25 2025 17:00:00 GMT-0700 (Pacific Daylight Time)": [
    {
      "date": "2025-07-26T00:00:00.000Z",
      "name": "Saints Joachim and Anne, Parents of the Blessed Virgin Mary",
      "rank": 10
    }
  ],
  "Sat Jul 26 2025 17:00:00 GMT-0700 (Pacific Daylight Time)": [
    {
      "date": "2025-07-27T00:00:00.000Z",
      "name": "17th Sunday of Ordinary Time",
      "rank": 6
    }
  ],
  "Sun Jul 27 2025 17:00:00 GMT-0700 (Pacific Daylight Time)": [
    {
      "date": "2025-07-28T00:00:00.000Z",
      "name": "Monday of the 17th Week of Ordinary Time",
      "rank": 13
    }
  ],
  "Mon Jul 28 2025 17:00:00 GMT-0700 (Pacific Daylight Time)": [
    {
      "date": "2025-07-29T00:00:00.000Z",
      "name": "Saint Martha",
      "rank": 10
    }
  ],
  "Tue Jul 29 2025 17:00:00 GMT-0700 (Pacific Daylight Time)": [
    {
      "date": "2025-07-30T00:00:00.000Z",
      "name": "Wednesday of the 17th Week of Ordinary Time",
      "rank": 13
    },
    {
      "date": "2025-07-30T00:00:00.000Z",
      "name": "Saint Peter Chrysologus, Bishop and Doctor of the Church",
      "rank": 12
    }
  ],
  "Wed Jul 30 2025 17:00:00 GMT-0700 (Pacific Daylight Time)": [
    {
      "date": "2025-07-31T00:00:00.000Z",
      "name": "Saint Ignatius of Loyola, Priest",
      "rank": 10
    }
  ],
  "Thu Jul 31 2025 17:00:00 GMT-0700 (Pacific Daylight Time)": [
    {
      "date": "2025-08-01T00:00:00.000Z",
      "name": "Saint Alphonsus Mary Liguori, Bishop and Doctor of the Church",
      "rank": 10
    }
  ],
  "Fri Aug 01 2025 17:00:00 GMT-0700 (Pacific Daylight Time)": [
    {
      "date": "2025-08-02T00:00:00.000Z",
      "name": "Saturday of the 17th Week of Ordinary Time",
      "rank": 13
    },
    {
      "date": "2025-08-02T00:00:00.000Z",
      "name": "Saint Eusebius of Vercelli, Bishop",
      "rank": 12
    },
    {
      "date": "2025-08-02T00:00:00.000Z",
      "name": "Saint Peter Julian Eymard, Priest",
      "rank": 12
    },
    {
      "date": "2025-08-02T00:00:00.000Z",
      "name": "Saturday Memorial of the Blessed Virgin Mary",
      "rank": 12
    }
  ],
  "Sat Aug 02 2025 17:00:00 GMT-0700 (Pacific Daylight Time)": [
    {
      "date": "2025-08-03T00:00:00.000Z",
      "name": "18th Sunday of Ordinary Time",
      "rank": 6
    }
  ],
  "Sun Aug 03 2025 17:00:00 GMT-0700 (Pacific Daylight Time)": [
    {
      "date": "2025-08-04T00:00:00.000Z",
      "name": "Saint John Mary Vianney, Priest",
      "rank": 10
    }
  ],
  "Mon Aug 04 2025 17:00:00 GMT-0700 (Pacific Daylight Time)": [
    {
      "date": "2025-08-05T00:00:00.000Z",
      "name": "Tuesday of the 18th Week of Ordinary Time",
      "rank": 13
    },
    {
      "date": "2025-08-05T00:00:00.000Z",
      "name": "The Dedication of the Basilica of Saint Mary Major",
      "rank": 12
    }
  ],
  "Tue Aug 05 2025 17:00:00 GMT-0700 (Pacific Daylight Time)": [
    {
      "date": "2025-08-06T00:00:00.000Z",
      "name": "The Transfiguration of the Lord",
      "rank": 5
    }
  ],
  "Wed Aug 06 2025 17:00:00 GMT-0700 (Pacific Daylight Time)": [
    {
      "date": "2025-08-07T00:00:00.000Z",
      "name": "Thursday of the 18th Week of Ordinary Time",
      "rank": 13
    },
    {
      "date": "2025-08-07T00:00:00.000Z",
      "name": "Saint Sixtus II, Pope, and Companions, Martyrs",
      "rank": 12
    },
    {
      "date": "2025-08-07T00:00:00.000Z",
      "name": "Saint Cajetan, Priest",
      "rank": 12
    }
  ],
  "Thu Aug 07 2025 17:00:00 GMT-0700 (Pacific Daylight Time)": [
    {
      "date": "2025-08-08T00:00:00.000Z",
      "name": "Saint Dominic, Priest",
      "rank": 10
    }
  ],
  "Fri Aug 08 2025 17:00:00 GMT-0700 (Pacific Daylight Time)": [
    {
      "date": "2025-08-09T00:00:00.000Z",
      "name": "Saturday of the 18th Week of Ordinary Time",
      "rank": 13
    },
    {
      "date": "2025-08-09T00:00:00.000Z",
      "name": "Saint Teresa Benedicta of the Cross, Virgin and Martyr",
      "rank": 12
    },
    {
      "date": "2025-08-09T00:00:00.000Z",
      "name": "Saturday Memorial of the Blessed Virgin Mary",
      "rank": 12
    }
  ],
  "Sat Aug 09 2025 17:00:00 GMT-0700 (Pacific Daylight Time)": [
    {
      "date": "2025-08-10T00:00:00.000Z",
      "name": "19th Sunday of Ordinary Time",
      "rank": 6
    }
  ],
  "Sun Aug 10 2025 17:00:00 GMT-0700 (Pacific Daylight Time)": [
    {
      "date": "2025-08-11T00:00:00.000Z",
      "name": "Saint Clare, Virgin",
      "rank": 10
    }
  ],
  "Mon Aug 11 2025 17:00:00 GMT-0700 (Pacific Daylight Time)": [
    {
      "date": "2025-08-12T00:00:00.000Z",
      "name": "Tuesday of the 19th Week of Ordinary Time",
      "rank": 13
    },
    {
      "date": "2025-08-12T00:00:00.000Z",
      "name": "Saint Jane Frances de Chantal, Religious",
      "rank": 12
    }
  ],
  "Tue Aug 12 2025 17:00:00 GMT-0700 (Pacific Daylight Time)": [
    {
      "date": "2025-08-13T00:00:00.000Z",
      "name": "Wednesday of the 19th Week of Ordinary Time",
      "rank": 13
    },
    {
      "date": "2025-08-13T00:00:00.000Z",
      "name": "Saints Pontian, Pope, and Hippolytus, Priest, Martyrs",
      "rank": 12
    }
  ],
  "Wed Aug 13 2025 17:00:00 GMT-0700 (Pacific Daylight Time)": [
    {
      "date": "2025-08-14T00:00:00.000Z",
      "name": "Saint Maximilian Mary Kolbe, Priest and Martyr",
      "rank": 10
    }
  ],
  "Thu Aug 14 2025 17:00:00 GMT-0700 (Pacific Daylight Time)": [
    {
      "date": "2025-08-15T00:00:00.000Z",
      "name": "The Assumption of the Blessed Virgin Mary",
      "rank": 3
    }
  ],
  "Fri Aug 15 2025 17:00:00 GMT-0700 (Pacific Daylight Time)": [
    {
      "date": "2025-08-16T00:00:00.000Z",
      "name": "Saturday of the 19th Week of Ordinary Time",
      "rank": 13
    },
    {
      "date": "2025-08-16T00:00:00.000Z",
      "name": "Saint Stephen of Hungary",
      "rank": 12
    },
    {
      "date": "2025-08-16T00:00:00.000Z",
      "name": "Saturday Memorial of the Blessed Virgin Mary",
      "rank": 12
    }
  ],
  "Sat Aug 16 2025 17:00:00 GMT-0700 (Pacific Daylight Time)": [
    {
      "date": "2025-08-17T00:00:00.000Z",
      "name": "20th Sunday of Ordinary Time",
      "rank": 6
    }
  ],
  "Sun Aug 17 2025 17:00:00 GMT-0700 (Pacific Daylight Time)": [
    {
      "date": "2025-08-18T00:00:00.000Z",
      "name": "Monday of the 20th Week of Ordinary Time",
      "rank": 13
    }
  ],
  "Mon Aug 18 2025 17:00:00 GMT-0700 (Pacific Daylight Time)": [
    {
      "date": "2025-08-19T00:00:00.000Z",
      "name": "Tuesday of the 20th Week of Ordinary Time",
      "rank": 13
    },
    {
      "date": "2025-08-19T00:00:00.000Z",
      "name": "Saint John Eudes, Priest",
      "rank": 12
    }
  ],
  "Tue Aug 19 2025 17:00:00 GMT-0700 (Pacific Daylight Time)": [
    {
      "date": "2025-08-20T00:00:00.000Z",
      "name": "Saint Bernard, Abbot and Doctor of the Church",
      "rank": 10
    }
  ],
  "Wed Aug 20 2025 17:00:00 GMT-0700 (Pacific Daylight Time)": [
    {
      "date": "2025-08-21T00:00:00.000Z",
      "name": "Saint Pius X, Pope",
      "rank": 10
    }
  ],
  "Thu Aug 21 2025 17:00:00 GMT-0700 (Pacific Daylight Time)": [
    {
      "date": "2025-08-22T00:00:00.000Z",
      "name": "The Queenship of the Blessed Virgin Mary",
      "rank": 10
    }
  ],
  "Fri Aug 22 2025 17:00:00 GMT-0700 (Pacific Daylight Time)": [
    {
      "date": "2025-08-23T00:00:00.000Z",
      "name": "Saturday of the 20th Week of Ordinary Time",
      "rank": 13
    },
    {
      "date": "2025-08-23T00:00:00.000Z",
      "name": "Saint Rose of Lima, virgin",
      "rank": 12
    },
    {
      "date": "2025-08-23T00:00:00.000Z",
      "name": "Saturday Memorial of the Blessed Virgin Mary",
      "rank": 12
    }
  ],
  "Sat Aug 23 2025 17:00:00 GMT-0700 (Pacific Daylight Time)": [
    {
      "date": "2025-08-24T00:00:00.000Z",
      "name": "21st Sunday of Ordinary Time",
      "rank": 6
    }
  ],
  "Sun Aug 24 2025 17:00:00 GMT-0700 (Pacific Daylight Time)": [
    {
      "date": "2025-08-25T00:00:00.000Z",
      "name": "Monday of the 21st Week of Ordinary Time",
      "rank": 13
    },
    {
      "date": "2025-08-25T00:00:00.000Z",
      "name": "Saint Louis",
      "rank": 12
    },
    {
      "date": "2025-08-25T00:00:00.000Z",
      "name": "Saint Joseph Calasanz, Priest",
      "rank": 12
    }
  ],
  "Mon Aug 25 2025 17:00:00 GMT-0700 (Pacific Daylight Time)": [
    {
      "date": "2025-08-26T00:00:00.000Z",
      "name": "Tuesday of the 21st Week of Ordinary Time",
      "rank": 13
    }
  ],
  "Tue Aug 26 2025 17:00:00 GMT-0700 (Pacific Daylight Time)": [
    {
      "date": "2025-08-27T00:00:00.000Z",
      "name": "Saint Monica",
      "rank": 10
    }
  ],
  "Wed Aug 27 2025 17:00:00 GMT-0700 (Pacific Daylight Time)": [
    {
      "date": "2025-08-28T00:00:00.000Z",
      "name": "Saint Augustine, Bishop and Doctor of the Church",
      "rank": 10
    }
  ],
  "Thu Aug 28 2025 17:00:00 GMT-0700 (Pacific Daylight Time)": [
    {
      "date": "2025-08-29T00:00:00.000Z",
      "name": "The Beheading of Saint John the Baptist, Martyr",
      "rank": 10
    }
  ],
  "Fri Aug 29 2025 17:00:00 GMT-0700 (Pacific Daylight Time)": [
    {
      "date": "2025-08-30T00:00:00.000Z",
      "name": "Saturday of the 21st Week of Ordinary Time",
      "rank": 13
    },
    {
      "date": "2025-08-30T00:00:00.000Z",
      "name": "Saturday Memorial of the Blessed Virgin Mary",
      "rank": 12
    }
  ],
  "Sat Aug 30 2025 17:00:00 GMT-0700 (Pacific Daylight Time)": [
    {
      "date": "2025-08-31T00:00:00.000Z",
      "name": "22nd Sunday of Ordinary Time",
      "rank": 6
    }
  ],
  "Sun Aug 31 2025 17:00:00 GMT-0700 (Pacific Daylight Time)": [
    {
      "date": "2025-09-01T00:00:00.000Z",
      "name": "Monday of the 22nd Week of Ordinary Time",
      "rank": 13
    }
  ],
  "Mon Sep 01 2025 17:00:00 GMT-0700 (Pacific Daylight Time)": [
    {
      "date": "2025-09-02T00:00:00.000Z",
      "name": "Tuesday of the 22nd Week of Ordinary Time",
      "rank": 13
    }
  ],
  "Tue Sep 02 2025 17:00:00 GMT-0700 (Pacific Daylight Time)": [
    {
      "date": "2025-09-03T00:00:00.000Z",
      "name": "Saint Gregory the Great, Pope and Doctor of the Church",
      "rank": 10
    }
  ],
  "Wed Sep 03 2025 17:00:00 GMT-0700 (Pacific Daylight Time)": [
    {
      "date": "2025-09-04T00:00:00.000Z",
      "name": "Thursday of the 22nd Week of Ordinary Time",
      "rank": 13
    }
  ],
  "Thu Sep 04 2025 17:00:00 GMT-0700 (Pacific Daylight Time)": [
    {
      "date": "2025-09-05T00:00:00.000Z",
      "name": "Friday of the 22nd Week of Ordinary Time",
      "rank": 13
    }
  ],
  "Fri Sep 05 2025 17:00:00 GMT-0700 (Pacific Daylight Time)": [
    {
      "date": "2025-09-06T00:00:00.000Z",
      "name": "Saturday of the 22nd Week of Ordinary Time",
      "rank": 13
    },
    {
      "date": "2025-09-06T00:00:00.000Z",
      "name": "Saturday Memorial of the Blessed Virgin Mary",
      "rank": 12
    }
  ],
  "Sat Sep 06 2025 17:00:00 GMT-0700 (Pacific Daylight Time)": [
    {
      "date": "2025-09-07T00:00:00.000Z",
      "name": "23rd Sunday of Ordinary Time",
      "rank": 6
    }
  ],
  "Sun Sep 07 2025 17:00:00 GMT-0700 (Pacific Daylight Time)": [
    {
      "date": "2025-09-08T00:00:00.000Z",
      "name": "The Nativity of the Blessed Virgin Mary",
      "rank": 7
    }
  ],
  "Mon Sep 08 2025 17:00:00 GMT-0700 (Pacific Daylight Time)": [
    {
      "date": "2025-09-09T00:00:00.000Z",
      "name": "Saint Peter Claver, Priest",
      "rank": 11
    }
  ],
  "Tue Sep 09 2025 17:00:00 GMT-0700 (Pacific Daylight Time)": [
    {
      "date": "2025-09-10T00:00:00.000Z",
      "name": "Wednesday of the 23rd Week of Ordinary Time",
      "rank": 13
    }
  ],
  "Wed Sep 10 2025 17:00:00 GMT-0700 (Pacific Daylight Time)": [
    {
      "date": "2025-09-11T00:00:00.000Z",
      "name": "Thursday of the 23rd Week of Ordinary Time",
      "rank": 13
    }
  ],
  "Thu Sep 11 2025 17:00:00 GMT-0700 (Pacific Daylight Time)": [
    {
      "date": "2025-09-12T00:00:00.000Z",
      "name": "Friday of the 23rd Week of Ordinary Time",
      "rank": 13
    },
    {
      "date": "2025-09-12T00:00:00.000Z",
      "name": "The Holy Name of the Blessed Virgin Mary",
      "rank": 12
    }
  ],
  "Fri Sep 12 2025 17:00:00 GMT-0700 (Pacific Daylight Time)": [
    {
      "date": "2025-09-13T00:00:00.000Z",
      "name": "Saint John Chrysostom, Bishop and Doctor of the Church",
      "rank": 10
    }
  ],
  "Sat Sep 13 2025 17:00:00 GMT-0700 (Pacific Daylight Time)": [
    {
      "date": "2025-09-14T00:00:00.000Z",
      "name": "Exaltation of the Holy Cross",
      "rank": 5
    }
  ],
  "Sun Sep 14 2025 17:00:00 GMT-0700 (Pacific Daylight Time)": [
    {
      "date": "2025-09-15T00:00:00.000Z",
      "name": "Our Lady of Sorrows",
      "rank": 10
    }
  ],
  "Mon Sep 15 2025 17:00:00 GMT-0700 (Pacific Daylight Time)": [
    {
      "date": "2025-09-16T00:00:00.000Z",
      "name": "Saints Cornelius, Pope, and Cyprian, Bishop, Martyrs",
      "rank": 10
    }
  ],
  "Tue Sep 16 2025 17:00:00 GMT-0700 (Pacific Daylight Time)": [
    {
      "date": "2025-09-17T00:00:00.000Z",
      "name": "Wednesday of the 24th Week of Ordinary Time",
      "rank": 13
    },
    {
      "date": "2025-09-17T00:00:00.000Z",
      "name": "Saint Robert Bellarmine, Bishop and Doctor of the Church",
      "rank": 12
    },
    {
      "date": "2025-09-17T00:00:00.000Z",
      "name": "Saint Hildegard of Bingen, Virgin and Doctor of the Church",
      "rank": 12
    }
  ],
  "Wed Sep 17 2025 17:00:00 GMT-0700 (Pacific Daylight Time)": [
    {
      "date": "2025-09-18T00:00:00.000Z",
      "name": "Thursday of the 24th Week of Ordinary Time",
      "rank": 13
    }
  ],
  "Thu Sep 18 2025 17:00:00 GMT-0700 (Pacific Daylight Time)": [
    {
      "date": "2025-09-19T00:00:00.000Z",
      "name": "Friday of the 24th Week of Ordinary Time",
      "rank": 13
    },
    {
      "date": "2025-09-19T00:00:00.000Z",
      "name": "Saint Januarius, Bishop and Martyr",
      "rank": 12
    }
  ],
  "Fri Sep 19 2025 17:00:00 GMT-0700 (Pacific Daylight Time)": [
    {
      "date": "2025-09-20T00:00:00.000Z",
      "name": "Saint Andrew Kim Tae-gŏn, Priest, and Paul Chŏng Ha-sang, and Companions, Martyrs",
      "rank": 10
    }
  ],
  "Sat Sep 20 2025 17:00:00 GMT-0700 (Pacific Daylight Time)": [
    {
      "date": "2025-09-21T00:00:00.000Z",
      "name": "25th Sunday of Ordinary Time",
      "rank": 6
    }
  ],
  "Sun Sep 21 2025 17:00:00 GMT-0700 (Pacific Daylight Time)": [
    {
      "date": "2025-09-22T00:00:00.000Z",
      "name": "Monday of the 25th Week of Ordinary Time",
      "rank": 13
    }
  ],
  "Mon Sep 22 2025 17:00:00 GMT-0700 (Pacific Daylight Time)": [
    {
      "date": "2025-09-23T00:00:00.000Z",
      "name": "Saint Pius of Pietrelcina, Priest",
      "rank": 10
    }
  ],
  "Tue Sep 23 2025 17:00:00 GMT-0700 (Pacific Daylight Time)": [
    {
      "date": "2025-09-24T00:00:00.000Z",
      "name": "Wednesday of the 25th Week of Ordinary Time",
      "rank": 13
    }
  ],
  "Wed Sep 24 2025 17:00:00 GMT-0700 (Pacific Daylight Time)": [
    {
      "date": "2025-09-25T00:00:00.000Z",
      "name": "Thursday of the 25th Week of Ordinary Time",
      "rank": 13
    }
  ],
  "Thu Sep 25 2025 17:00:00 GMT-0700 (Pacific Daylight Time)": [
    {
      "date": "2025-09-26T00:00:00.000Z",
      "name": "Friday of the 25th Week of Ordinary Time",
      "rank": 13
    },
    {
      "date": "2025-09-26T00:00:00.000Z",
      "name": "Saints Cosmas and Damian, Martyrs",
      "rank": 12
    }
  ],
  "Fri Sep 26 2025 17:00:00 GMT-0700 (Pacific Daylight Time)": [
    {
      "date": "2025-09-27T00:00:00.000Z",
      "name": "Saint Vincent de Paul, Priest",
      "rank": 10
    }
  ],
  "Sat Sep 27 2025 17:00:00 GMT-0700 (Pacific Daylight Time)": [
    {
      "date": "2025-09-28T00:00:00.000Z",
      "name": "26th Sunday of Ordinary Time",
      "rank": 6
    }
  ],
  "Sun Sep 28 2025 17:00:00 GMT-0700 (Pacific Daylight Time)": [
    {
      "date": "2025-09-29T00:00:00.000Z",
      "name": "Saints Michael, Gabriel and Raphael, Archangels",
      "rank": 7
    }
  ],
  "Mon Sep 29 2025 17:00:00 GMT-0700 (Pacific Daylight Time)": [
    {
      "date": "2025-09-30T00:00:00.000Z",
      "name": "Saint Jerome, Priest and Doctor of the Church",
      "rank": 10
    }
  ],
  "Tue Sep 30 2025 17:00:00 GMT-0700 (Pacific Daylight Time)": [
    {
      "date": "2025-10-01T00:00:00.000Z",
      "name": "Saint Thérèse of the Child Jesus, Virgin and Doctor of the Church",
      "rank": 10
    }
  ],
  "Wed Oct 01 2025 17:00:00 GMT-0700 (Pacific Daylight Time)": [
    {
      "date": "2025-10-02T00:00:00.000Z",
      "name": "The Holy Guardian Angels",
      "rank": 10
    }
  ],
  "Thu Oct 02 2025 17:00:00 GMT-0700 (Pacific Daylight Time)": [
    {
      "date": "2025-10-03T00:00:00.000Z",
      "name": "Friday of the 26th Week of Ordinary Time",
      "rank": 13
    }
  ],
  "Fri Oct 03 2025 17:00:00 GMT-0700 (Pacific Daylight Time)": [
    {
      "date": "2025-10-04T00:00:00.000Z",
      "name": "Saint Francis of Assisi",
      "rank": 10
    }
  ],
  "Sat Oct 04 2025 17:00:00 GMT-0700 (Pacific Daylight Time)": [
    {
      "date": "2025-10-05T00:00:00.000Z",
      "name": "27th Sunday of Ordinary Time",
      "rank": 6
    }
  ],
  "Sun Oct 05 2025 17:00:00 GMT-0700 (Pacific Daylight Time)": [
    {
      "date": "2025-10-06T00:00:00.000Z",
      "name": "Monday of the 27th Week of Ordinary Time",
      "rank": 13
    },
    {
      "date": "2025-10-06T00:00:00.000Z",
      "name": "Saint Bruno, Priest",
      "rank": 12
    },
    {
      "date": "2025-10-06T00:00:00.000Z",
      "name": "Blessed Marie Rose Durocher, Virgin",
      "rank": 12
    }
  ],
  "Mon Oct 06 2025 17:00:00 GMT-0700 (Pacific Daylight Time)": [
    {
      "date": "2025-10-07T00:00:00.000Z",
      "name": "Our Lady of the Rosary",
      "rank": 10
    }
  ],
  "Tue Oct 07 2025 17:00:00 GMT-0700 (Pacific Daylight Time)": [
    {
      "date": "2025-10-08T00:00:00.000Z",
      "name": "Wednesday of the 27th Week of Ordinary Time",
      "rank": 13
    }
  ],
  "Wed Oct 08 2025 17:00:00 GMT-0700 (Pacific Daylight Time)": [
    {
      "date": "2025-10-09T00:00:00.000Z",
      "name": "Thursday of the 27th Week of Ordinary Time",
      "rank": 13
    },
    {
      "date": "2025-10-09T00:00:00.000Z",
      "name": "Saint Denis, Bishop, and Companions, Martyrs",
      "rank": 12
    },
    {
      "date": "2025-10-09T00:00:00.000Z",
      "name": "Saint John Leonardi, Priest",
      "rank": 12
    }
  ],
  "Thu Oct 09 2025 17:00:00 GMT-0700 (Pacific Daylight Time)": [
    {
      "date": "2025-10-10T00:00:00.000Z",
      "name": "Friday of the 27th Week of Ordinary Time",
      "rank": 13
    }
  ],
  "Fri Oct 10 2025 17:00:00 GMT-0700 (Pacific Daylight Time)": [
    {
      "date": "2025-10-11T00:00:00.000Z",
      "name": "Saturday of the 27th Week of Ordinary Time",
      "rank": 13
    },
    {
      "date": "2025-10-11T00:00:00.000Z",
      "name": "Saint John XXIII, Pope",
      "rank": 12
    },
    {
      "date": "2025-10-11T00:00:00.000Z",
      "name": "Saturday Memorial of the Blessed Virgin Mary",
      "rank": 12
    }
  ],
  "Sat Oct 11 2025 17:00:00 GMT-0700 (Pacific Daylight Time)": [
    {
      "date": "2025-10-12T00:00:00.000Z",
      "name": "28th Sunday of Ordinary Time",
      "rank": 6
    }
  ],
  "Sun Oct 12 2025 17:00:00 GMT-0700 (Pacific Daylight Time)": [
    {
      "date": "2025-10-13T00:00:00.000Z",
      "name": "Monday of the 28th Week of Ordinary Time",
      "rank": 13
    }
  ],
  "Mon Oct 13 2025 17:00:00 GMT-0700 (Pacific Daylight Time)": [
    {
      "date": "2025-10-14T00:00:00.000Z",
      "name": "Tuesday of the 28th Week of Ordinary Time",
      "rank": 13
    },
    {
      "date": "2025-10-14T00:00:00.000Z",
      "name": "Saint Callistus I, Pope and Martyr",
      "rank": 12
    }
  ],
  "Tue Oct 14 2025 17:00:00 GMT-0700 (Pacific Daylight Time)": [
    {
      "date": "2025-10-15T00:00:00.000Z",
      "name": "Saint Teresa of Jesus, Virgin and Doctor of the Church",
      "rank": 10
    }
  ],
  "Wed Oct 15 2025 17:00:00 GMT-0700 (Pacific Daylight Time)": [
    {
      "date": "2025-10-16T00:00:00.000Z",
      "name": "Thursday of the 28th Week of Ordinary Time",
      "rank": 13
    },
    {
      "date": "2025-10-16T00:00:00.000Z",
      "name": "Saint Hedwig, Religious",
      "rank": 12
    },
    {
      "date": "2025-10-16T00:00:00.000Z",
      "name": "Saint Margaret Mary Alacoque, Virgin",
      "rank": 12
    }
  ],
  "Thu Oct 16 2025 17:00:00 GMT-0700 (Pacific Daylight Time)": [
    {
      "date": "2025-10-17T00:00:00.000Z",
      "name": "Saint Ignatius of Antioch, Bishop and Martyr",
      "rank": 10
    }
  ],
  "Fri Oct 17 2025 17:00:00 GMT-0700 (Pacific Daylight Time)": [
    {
      "date": "2025-10-18T00:00:00.000Z",
      "name": "Saint Luke, Evangelist",
      "rank": 7
    }
  ],
  "Sat Oct 18 2025 17:00:00 GMT-0700 (Pacific Daylight Time)": [
    {
      "date": "2025-10-19T00:00:00.000Z",
      "name": "29th Sunday of Ordinary Time",
      "rank": 6
    }
  ],
  "Sun Oct 19 2025 17:00:00 GMT-0700 (Pacific Daylight Time)": [
    {
      "date": "2025-10-20T00:00:00.000Z",
      "name": "Monday of the 29th Week of Ordinary Time",
      "rank": 13
    },
    {
      "date": "2025-10-20T00:00:00.000Z",
      "name": "Saint Paul of the Cross, Priest",
      "rank": 12
    }
  ],
  "Mon Oct 20 2025 17:00:00 GMT-0700 (Pacific Daylight Time)": [
    {
      "date": "2025-10-21T00:00:00.000Z",
      "name": "Tuesday of the 29th Week of Ordinary Time",
      "rank": 13
    }
  ],
  "Tue Oct 21 2025 17:00:00 GMT-0700 (Pacific Daylight Time)": [
    {
      "date": "2025-10-22T00:00:00.000Z",
      "name": "Wednesday of the 29th Week of Ordinary Time",
      "rank": 13
    },
    {
      "date": "2025-10-22T00:00:00.000Z",
      "name": "Saint John Paul II, Pope",
      "rank": 12
    }
  ],
  "Wed Oct 22 2025 17:00:00 GMT-0700 (Pacific Daylight Time)": [
    {
      "date": "2025-10-23T00:00:00.000Z",
      "name": "Thursday of the 29th Week of Ordinary Time",
      "rank": 13
    },
    {
      "date": "2025-10-23T00:00:00.000Z",
      "name": "Saint John of Capestrano, Priest",
      "rank": 12
    }
  ],
  "Thu Oct 23 2025 17:00:00 GMT-0700 (Pacific Daylight Time)": [
    {
      "date": "2025-10-24T00:00:00.000Z",
      "name": "Friday of the 29th Week of Ordinary Time",
      "rank": 13
    },
    {
      "date": "2025-10-24T00:00:00.000Z",
      "name": "Saint Anthony Mary Claret, Bishop",
      "rank": 12
    }
  ],
  "Fri Oct 24 2025 17:00:00 GMT-0700 (Pacific Daylight Time)": [
    {
      "date": "2025-10-25T00:00:00.000Z",
      "name": "Saturday of the 29th Week of Ordinary Time",
      "rank": 13
    },
    {
      "date": "2025-10-25T00:00:00.000Z",
      "name": "Saturday Memorial of the Blessed Virgin Mary",
      "rank": 12
    }
  ],
  "Sat Oct 25 2025 17:00:00 GMT-0700 (Pacific Daylight Time)": [
    {
      "date": "2025-10-26T00:00:00.000Z",
      "name": "30th Sunday of Ordinary Time",
      "rank": 6
    }
  ],
  "Sun Oct 26 2025 17:00:00 GMT-0700 (Pacific Daylight Time)": [
    {
      "date": "2025-10-27T00:00:00.000Z",
      "name": "Monday of the 30th Week of Ordinary Time",
      "rank": 13
    }
  ],
  "Mon Oct 27 2025 17:00:00 GMT-0700 (Pacific Daylight Time)": [
    {
      "date": "2025-10-28T00:00:00.000Z",
      "name": "Saints Simon and Jude, Apostles",
      "rank": 7
    }
  ],
  "Tue Oct 28 2025 17:00:00 GMT-0700 (Pacific Daylight Time)": [
    {
      "date": "2025-10-29T00:00:00.000Z",
      "name": "Wednesday of the 30th Week of Ordinary Time",
      "rank": 13
    }
  ],
  "Wed Oct 29 2025 17:00:00 GMT-0700 (Pacific Daylight Time)": [
    {
      "date": "2025-10-30T00:00:00.000Z",
      "name": "Thursday of the 30th Week of Ordinary Time",
      "rank": 13
    }
  ],
  "Thu Oct 30 2025 17:00:00 GMT-0700 (Pacific Daylight Time)": [
    {
      "date": "2025-10-31T00:00:00.000Z",
      "name": "Friday of the 30th Week of Ordinary Time",
      "rank": 13
    }
  ],
  "Fri Oct 31 2025 17:00:00 GMT-0700 (Pacific Daylight Time)": [
    {
      "date": "2025-11-01T00:00:00.000Z",
      "name": "All Saints",
      "rank": 3
    }
  ],
  "Sat Nov 01 2025 17:00:00 GMT-0700 (Pacific Daylight Time)": [
    {
      "date": "2025-11-02T00:00:00.000Z",
      "name": "The Commemoration of all the Faithful Departed (All Souls' Day)",
      "rank": 3
    }
  ],
  "Sun Nov 02 2025 16:00:00 GMT-0800 (Pacific Standard Time)": [
    {
      "date": "2025-11-03T00:00:00.000Z",
      "name": "Monday of the 31st Week of Ordinary Time",
      "rank": 13
    },
    {
      "date": "2025-11-03T00:00:00.000Z",
      "name": "Saint Martin de Porres, Religious",
      "rank": 12
    }
  ],
  "Mon Nov 03 2025 16:00:00 GMT-0800 (Pacific Standard Time)": [
    {
      "date": "2025-11-04T00:00:00.000Z",
      "name": "Saint Charles Borromeo, Bishop",
      "rank": 10
    }
  ],
  "Tue Nov 04 2025 16:00:00 GMT-0800 (Pacific Standard Time)": [
    {
      "date": "2025-11-05T00:00:00.000Z",
      "name": "Wednesday of the 31st Week of Ordinary Time",
      "rank": 13
    }
  ],
  "Wed Nov 05 2025 16:00:00 GMT-0800 (Pacific Standard Time)": [
    {
      "date": "2025-11-06T00:00:00.000Z",
      "name": "Thursday of the 31st Week of Ordinary Time",
      "rank": 13
    }
  ],
  "Thu Nov 06 2025 16:00:00 GMT-0800 (Pacific Standard Time)": [
    {
      "date": "2025-11-07T00:00:00.000Z",
      "name": "Friday of the 31st Week of Ordinary Time",
      "rank": 13
    }
  ],
  "Fri Nov 07 2025 16:00:00 GMT-0800 (Pacific Standard Time)": [
    {
      "date": "2025-11-08T00:00:00.000Z",
      "name": "Saturday of the 31st Week of Ordinary Time",
      "rank": 13
    },
    {
      "date": "2025-11-08T00:00:00.000Z",
      "name": "Saturday Memorial of the Blessed Virgin Mary",
      "rank": 12
    }
  ],
  "Sat Nov 08 2025 16:00:00 GMT-0800 (Pacific Standard Time)": [
    {
      "date": "2025-11-09T00:00:00.000Z",
      "name": "The Dedication of the Lateran Basilica",
      "rank": 5
    }
  ],
  "Sun Nov 09 2025 16:00:00 GMT-0800 (Pacific Standard Time)": [
    {
      "date": "2025-11-10T00:00:00.000Z",
      "name": "Saint Leo the Great, Pope and Doctor of the Church",
      "rank": 10
    }
  ],
  "Mon Nov 10 2025 16:00:00 GMT-0800 (Pacific Standard Time)": [
    {
      "date": "2025-11-11T00:00:00.000Z",
      "name": "Saint Martin of Tours, Bishop",
      "rank": 10
    }
  ],
  "Tue Nov 11 2025 16:00:00 GMT-0800 (Pacific Standard Time)": [
    {
      "date": "2025-11-12T00:00:00.000Z",
      "name": "Saint Josaphat, Bishop and Martyr",
      "rank": 10
    }
  ],
  "Wed Nov 12 2025 16:00:00 GMT-0800 (Pacific Standard Time)": [
    {
      "date": "2025-11-13T00:00:00.000Z",
      "name": "Saint Frances Xavier Cabrini, Virgin",
      "rank": 11
    }
  ],
  "Thu Nov 13 2025 16:00:00 GMT-0800 (Pacific Standard Time)": [
    {
      "date": "2025-11-14T00:00:00.000Z",
      "name": "Friday of the 32nd Week of Ordinary Time",
      "rank": 13
    }
  ],
  "Fri Nov 14 2025 16:00:00 GMT-0800 (Pacific Standard Time)": [
    {
      "date": "2025-11-15T00:00:00.000Z",
      "name": "Saturday of the 32nd Week of Ordinary Time",
      "rank": 13
    },
    {
      "date": "2025-11-15T00:00:00.000Z",
      "name": "Saint Albert the Great, Bishop and Doctor of the Church",
      "rank": 12
    },
    {
      "date": "2025-11-15T00:00:00.000Z",
      "name": "Saturday Memorial of the Blessed Virgin Mary",
      "rank": 12
    }
  ],
  "Sat Nov 15 2025 16:00:00 GMT-0800 (Pacific Standard Time)": [
    {
      "date": "2025-11-16T00:00:00.000Z",
      "name": "33rd Sunday of Ordinary Time",
      "rank": 6
    }
  ],
  "Sun Nov 16 2025 16:00:00 GMT-0800 (Pacific Standard Time)": [
    {
      "date": "2025-11-17T00:00:00.000Z",
      "name": "Saint Elizabeth of Hungary, Religious",
      "rank": 10
    }
  ],
  "Mon Nov 17 2025 16:00:00 GMT-0800 (Pacific Standard Time)": [
    {
      "date": "2025-11-18T00:00:00.000Z",
      "name": "Tuesday of the 33rd Week of Ordinary Time",
      "rank": 13
    },
    {
      "date": "2025-11-18T00:00:00.000Z",
      "name": "The Dedication of the Basilicas of Saints Peter and Paul, Apostles",
      "rank": 12
    },
    {
      "date": "2025-11-18T00:00:00.000Z",
      "name": "Saint Rose Philippine Duchesne, Virgin",
      "rank": 12
    }
  ],
  "Tue Nov 18 2025 16:00:00 GMT-0800 (Pacific Standard Time)": [
    {
      "date": "2025-11-19T00:00:00.000Z",
      "name": "Wednesday of the 33rd Week of Ordinary Time",
      "rank": 13
    }
  ],
  "Wed Nov 19 2025 16:00:00 GMT-0800 (Pacific Standard Time)": [
    {
      "date": "2025-11-20T00:00:00.000Z",
      "name": "Thursday of the 33rd Week of Ordinary Time",
      "rank": 13
    }
  ],
  "Thu Nov 20 2025 16:00:00 GMT-0800 (Pacific Standard Time)": [
    {
      "date": "2025-11-21T00:00:00.000Z",
      "name": "The The Presentation of the Blessed Virgin Mary",
      "rank": 10
    }
  ],
  "Fri Nov 21 2025 16:00:00 GMT-0800 (Pacific Standard Time)": [
    {
      "date": "2025-11-22T00:00:00.000Z",
      "name": "Saint Cecilia, Virgin and Martyr",
      "rank": 10
    }
  ],
  "Sat Nov 22 2025 16:00:00 GMT-0800 (Pacific Standard Time)": [
    {
      "date": "2025-11-23T00:00:00.000Z",
      "name": "Christ the King",
      "rank": 3
    }
  ],
  "Sun Nov 23 2025 16:00:00 GMT-0800 (Pacific Standard Time)": [
    {
      "date": "2025-11-24T00:00:00.000Z",
      "name": "Saint Andrew Dũng-Lạc, Priest, and Companions, Martyrs",
      "rank": 10
    }
  ],
  "Mon Nov 24 2025 16:00:00 GMT-0800 (Pacific Standard Time)": [
    {
      "date": "2025-11-25T00:00:00.000Z",
      "name": "Tuesday of the 34th Week of Ordinary Time",
      "rank": 13
    },
    {
      "date": "2025-11-25T00:00:00.000Z",
      "name": "Saint Catherine of Alexandria, Virgin and Martyr",
      "rank": 12
    }
  ],
  "Tue Nov 25 2025 16:00:00 GMT-0800 (Pacific Standard Time)": [
    {
      "date": "2025-11-26T00:00:00.000Z",
      "name": "Wednesday of the 34th Week of Ordinary Time",
      "rank": 13
    }
  ],
  "Wed Nov 26 2025 16:00:00 GMT-0800 (Pacific Standard Time)": [
    {
      "date": "2025-11-27T00:00:00.000Z",
      "name": "Thanksgiving",
      "rank": 11
    }
  ],
  "Thu Nov 27 2025 16:00:00 GMT-0800 (Pacific Standard Time)": [
    {
      "date": "2025-11-28T00:00:00.000Z",
      "name": "Friday of the 34th Week of Ordinary Time",
      "rank": 13
    }
  ],
  "Fri Nov 28 2025 16:00:00 GMT-0800 (Pacific Standard Time)": [
    {
      "date": "2025-11-29T00:00:00.000Z",
      "name": "Saturday of the 34th Week of Ordinary Time",
      "rank": 13
    },
    {
      "date": "2025-11-29T00:00:00.000Z",
      "name": "Saturday Memorial of the Blessed Virgin Mary",
      "rank": 12
    }
  ],
  "Sat Nov 29 2025 16:00:00 GMT-0800 (Pacific Standard Time)": [
    {
      "date": "2025-11-30T00:00:00.000Z",
      "name": "1st Sunday of Advent",
      "rank": 2
    }
  ],
  "Sun Nov 30 2025 16:00:00 GMT-0800 (Pacific Standard Time)": [
    {
      "date": "2025-12-01T00:00:00.000Z",
      "name": "Monday of the 1st Week of Advent",
      "rank": 13
    }
  ],
  "Mon Dec 01 2025 16:00:00 GMT-0800 (Pacific Standard Time)": [
    {
      "date": "2025-12-02T00:00:00.000Z",
      "name": "Tuesday of the 1st Week of Advent",
      "rank": 13
    }
  ],
  "Tue Dec 02 2025 16:00:00 GMT-0800 (Pacific Standard Time)": [
    {
      "date": "2025-12-03T00:00:00.000Z",
      "name": "Saint Francis Xavier, Priest",
      "rank": 10
    }
  ],
  "Wed Dec 03 2025 16:00:00 GMT-0800 (Pacific Standard Time)": [
    {
      "date": "2025-12-04T00:00:00.000Z",
      "name": "Thursday of the 1st Week of Advent",
      "rank": 13
    },
    {
      "date": "2025-12-04T00:00:00.000Z",
      "name": "Saint John Damascene, Priest and Doctor of the Church",
      "rank": 12
    }
  ],
  "Thu Dec 04 2025 16:00:00 GMT-0800 (Pacific Standard Time)": [
    {
      "date": "2025-12-05T00:00:00.000Z",
      "name": "Friday of the 1st Week of Advent",
      "rank": 13
    }
  ],
  "Fri Dec 05 2025 16:00:00 GMT-0800 (Pacific Standard Time)": [
    {
      "date": "2025-12-06T00:00:00.000Z",
      "name": "Saturday of the 1st Week of Advent",
      "rank": 13
    },
    {
      "date": "2025-12-06T00:00:00.000Z",
      "name": "Saint Nicholas, Bishop",
      "rank": 12
    }
  ],
  "Sat Dec 06 2025 16:00:00 GMT-0800 (Pacific Standard Time)": [
    {
      "date": "2025-12-07T00:00:00.000Z",
      "name": "2nd Sunday of Advent",
      "rank": 2
    }
  ],
  "Sun Dec 07 2025 16:00:00 GMT-0800 (Pacific Standard Time)": [
    {
      "date": "2025-12-08T00:00:00.000Z",
      "name": "The Immaculate Conception of the Blessed Virgin Mary, Patronal feastday of the United States of America",
      "rank": 3
    }
  ],
  "Mon Dec 08 2025 16:00:00 GMT-0800 (Pacific Standard Time)": [
    {
      "date": "2025-12-09T00:00:00.000Z",
      "name": "Tuesday of the 2nd Week of Advent",
      "rank": 13
    },
    {
      "date": "2025-12-09T00:00:00.000Z",
      "name": "Saint Juan Diego Cuauhtlatoatzin",
      "rank": 12
    }
  ],
  "Tue Dec 09 2025 16:00:00 GMT-0800 (Pacific Standard Time)": [
    {
      "date": "2025-12-10T00:00:00.000Z",
      "name": "Wednesday of the 2nd Week of Advent",
      "rank": 13
    },
    {
      "date": "2025-12-10T00:00:00.000Z",
      "name": "Blessed Virgin Mary of Loreto",
      "rank": 12
    }
  ],
  "Wed Dec 10 2025 16:00:00 GMT-0800 (Pacific Standard Time)": [
    {
      "date": "2025-12-11T00:00:00.000Z",
      "name": "Thursday of the 2nd Week of Advent",
      "rank": 13
    },
    {
      "date": "2025-12-11T00:00:00.000Z",
      "name": "Saint Damasus I, Pope",
      "rank": 12
    }
  ],
  "Thu Dec 11 2025 16:00:00 GMT-0800 (Pacific Standard Time)": [
    {
      "date": "2025-12-12T00:00:00.000Z",
      "name": "Our Lady of Guadalupe",
      "rank": 8
    }
  ],
  "Fri Dec 12 2025 16:00:00 GMT-0800 (Pacific Standard Time)": [
    {
      "date": "2025-12-13T00:00:00.000Z",
      "name": "Saint Lucy of Syracuse, Virgin and Martyr",
      "rank": 10
    }
  ],
  "Sat Dec 13 2025 16:00:00 GMT-0800 (Pacific Standard Time)": [
    {
      "date": "2025-12-14T00:00:00.000Z",
      "name": "3rd Sunday of Advent (Gaudete)",
      "rank": 2
    }
  ],
  "Sun Dec 14 2025 16:00:00 GMT-0800 (Pacific Standard Time)": [
    {
      "date": "2025-12-15T00:00:00.000Z",
      "name": "Monday of the 3rd Week of Advent",
      "rank": 13
    }
  ],
  "Mon Dec 15 2025 16:00:00 GMT-0800 (Pacific Standard Time)": [
    {
      "date": "2025-12-16T00:00:00.000Z",
      "name": "Tuesday of the 3rd Week of Advent",
      "rank": 13
    }
  ],
  "Tue Dec 16 2025 16:00:00 GMT-0800 (Pacific Standard Time)": [
    {
      "date": "2025-12-17T00:00:00.000Z",
      "name": "Wednesday of the 3rd Week of Advent",
      "rank": 13
    }
  ],
  "Wed Dec 17 2025 16:00:00 GMT-0800 (Pacific Standard Time)": [
    {
      "date": "2025-12-18T00:00:00.000Z",
      "name": "Thursday of the 3rd Week of Advent",
      "rank": 13
    }
  ],
  "Thu Dec 18 2025 16:00:00 GMT-0800 (Pacific Standard Time)": [
    {
      "date": "2025-12-19T00:00:00.000Z",
      "name": "Friday of the 3rd Week of Advent",
      "rank": 13
    }
  ],
  "Fri Dec 19 2025 16:00:00 GMT-0800 (Pacific Standard Time)": [
    {
      "date": "2025-12-20T00:00:00.000Z",
      "name": "Saturday of the 3rd Week of Advent",
      "rank": 13
    }
  ],
  "Sat Dec 20 2025 16:00:00 GMT-0800 (Pacific Standard Time)": [
    {
      "date": "2025-12-21T00:00:00.000Z",
      "name": "4th Sunday of Advent",
      "rank": 2
    }
  ],
  "Sun Dec 21 2025 16:00:00 GMT-0800 (Pacific Standard Time)": [
    {
      "date": "2025-12-22T00:00:00.000Z",
      "name": "Monday of the 4th Week of Advent",
      "rank": 13
    }
  ],
  "Mon Dec 22 2025 16:00:00 GMT-0800 (Pacific Standard Time)": [
    {
      "date": "2025-12-23T00:00:00.000Z",
      "name": "Tuesday of the 4th Week of Advent",
      "rank": 13
    },
    {
      "date": "2025-12-23T00:00:00.000Z",
      "name": "Saint John of Kanty, Priest",
      "rank": 12
    }
  ],
  "Tue Dec 23 2025 16:00:00 GMT-0800 (Pacific Standard Time)": [
    {
      "date": "2025-12-24T00:00:00.000Z",
      "name": "Wednesday of the 4th Week of Advent",
      "rank": 13
    }
  ],
  "Wed Dec 24 2025 16:00:00 GMT-0800 (Pacific Standard Time)": [
    {
      "date": "2025-12-25T00:00:00.000Z",
      "name": "Christmas",
      "rank": 2
    }
  ],
  "Thu Dec 25 2025 16:00:00 GMT-0800 (Pacific Standard Time)": [
    {
      "date": "2025-12-26T00:00:00.000Z",
      "name": "Saint Stephen, The 1st Martyr",
      "rank": 7
    }
  ],
  "Fri Dec 26 2025 16:00:00 GMT-0800 (Pacific Standard Time)": [
    {
      "date": "2025-12-27T00:00:00.000Z",
      "name": "Saint John, Apostle and Evangelist",
      "rank": 7
    }
  ],
  "Sat Dec 27 2025 16:00:00 GMT-0800 (Pacific Standard Time)": [
    {
      "date": "2025-12-28T00:00:00.000Z",
      "name": "Holy Family of Jesus, Mary and Joseph",
      "rank": 5
    }
  ],
  "Sun Dec 28 2025 16:00:00 GMT-0800 (Pacific Standard Time)": [
    {
      "date": "2025-12-29T00:00:00.000Z",
      "name": "5th Day of the Octave of Christmas",
      "rank": 13
    },
    {
      "date": "2025-12-29T00:00:00.000Z",
      "name": "Saint Thomas Becket, Bishop and Martyr",
      "rank": 12
    }
  ],
  "Mon Dec 29 2025 16:00:00 GMT-0800 (Pacific Standard Time)": [
    {
      "date": "2025-12-30T00:00:00.000Z",
      "name": "6th Day of the Octave of Christmas",
      "rank": 13
    }
  ],
  "Tue Dec 30 2025 16:00:00 GMT-0800 (Pacific Standard Time)": [
    {
      "date": "2025-12-31T00:00:00.000Z",
      "name": "7th Day of the Octave of Christmas",
      "rank": 13
    },
    {
      "date": "2025-12-31T00:00:00.000Z",
      "name": "Saint Sylvester I, Pope",
      "rank": 12
    }
  ]
}
